Geneset,All_Total_DE,All_Total_In_Set,All_Total_DE_In_Set,All_Pvalue,All_Odds,All_DEGenesInSet
mmu-miR-383-3p,1420,48,19,0.000501361123800696,2.6304898518815,Chd7;Tox;Osbpl11;Sesn3;Arsi;Gata3;Zfp644;Kctd1;Zbtb10;Fbxw7;Celf2;Runx1;Patz1;Rab14;Suv420h1;Fndc3a;Dyrk1a;Tardbp;Tbl1x
mmu-miR-3084-3p,1420,32,14,0.000565893070564154,3.11752082924694,Id2;Odc1;Klf7;Nedd4l;Prpf4b;H6pd;9130401M01Rik;Fam208a;D1Ertd622e;Senp2;Hook3;Il2ra;Bptf;Nfat5
mmu-miR-384-3p,1420,49,18,0.00192434077511209,2.32886850346024,Dck;Fam134b;Sytl2;Nav2;Msh6;Mospd1;Auh;Chmp5;Hs3st3b1;Usp15;Vps26a;Scaf8;Nhej1;Emb;Cpm;Anp32e;Fam78b;Otub2
mmu-miR-1912-3p,1420,32,13,0.00197456362908647,2.74004658090061,Chd7;Luc7l3;Pptc7;Emc6;Kdm6a;Snx2;Atrx;Kmt2c;Bnip3;Zswim6;Birc6;Mon2;Zfx
mmu-miR-324-5p,1420,46,17,0.0022278344883327,2.35032946006047,Ran;Nipbl;Luc7l3;Klf7;Htt;Wdfy2;Rab37;Psme3;Rnf214;Rap1a;Timeless;Tmcc1;Suox;Fam175b;Slco3a1;Fbxo11;Zfx
mmu-miR-26a-5p,1420,43,16,0.00257414951950939,2.37507742475087,Mdn1;Zfp266;Phf21a;Mtx2;Dnmt3a;Usp15;Rap1a;Scaf8;Ezh2;Ssh2;Sfmbt2;Kifap3;Rprd2;Trappc4;Atpaf1;Mknk2
mmu-miR-26b-5p,1420,43,16,0.00257414951950939,2.37507742475087,Mdn1;Zfp266;Phf21a;Mtx2;Dnmt3a;Usp15;Rap1a;Scaf8;Ezh2;Ssh2;Sfmbt2;Kifap3;Rprd2;Trappc4;Atpaf1;Mknk2
mmu-miR-147-3p,1420,20,9,0.00262947914014693,3.27172542025189,Mef2a;Arsi;Ndufa4;Pptc7;Agpat3;B4galt5;Hipk2;Bola2;Asxl3
mmu-miR-539-3p,1420,48,17,0.00384523676036826,2.1979620127348,Id2;Rsrp1;Tusc3;Slamf1;Cnot2;Ddx6;Srsf5;Usp15;Tbc1d15;Smek2;Scaf8;Snrk;Fam117a;Ssh2;Naa25;Fam107b;Rnf13
mmu-miR-202-3p,1420,21,9,0.00412735457909027,2.99881339236954,Gramd3;Zfp644;Rcn1;Zbtb25;Crtap;Mob4;Hk2;Senp2;Slc25a4
mmu-miR-362-5p,1420,46,16,0.00582262707501555,2.1365099176918,Lcp1;Chsy1;Traf3;Strn3;Zfp644;Luc7l3;Dennd6a;Olig3;Usp15;Cpeb4;Mrps18c;Aldh6a1;Rbm27;Prkca;Npepps;Dpp8
mmu-miR-322-3p,1420,32,12,0.00613307420169201,2.40091013354966,Chd7;Marcks;Lmo4;Pik3ca;Zfand4;Fbxw7;Sp3;Tnrc6b;Rc3h2;Paip2;Clasp1;Ube2v2
mmu-miR-3066-3p,1420,13,6,0.00709521564032639,3.42314092841399,Arl6ip6;Mtx2;Yaf2;Ppp6r3;March7;Ubr5
mmu-miR-3108-5p,1420,13,6,0.00709521564032639,3.42314092841399,Sass6;Jarid2;Galnt7;Nfia;Ubn2;Rpgrip1l
mmu-miR-183-5p,1420,47,16,0.00745307783887724,2.06725911264747,Bach2;Dap;Tmsb4x;Idh2;Tsen54;Ypel5;Pdcd4;Hn1;Lck;Slain1;Ick;Pkp4;Pde4d;Pex19;Npc2;Arfgap2
mmu-miR-34c-5p,1420,44,15,0.00878097013671189,2.07097409030137,Ptms;Ldha;Cbfa2t3;Thumpd1;Eno3;Ddx17;Limd2;Pkp4;Shkbp1;Sfmbt2;Smox;Golph3l;Ppp1r11;Fut8;Evi5l
mmu-miR-130b-5p,1420,37,13,0.00940072053762407,2.16756172723436,Smoc1;Mmp14;Prpf4b;Zbtb20;Zbtb10;Grap2;Ttc14;Cass4;Atp1a3;Ctdspl2;Acot13;Nfat5;Fbxo11
mmu-miR-142a-5p,1420,48,16,0.00943157133354348,2.00234234216276,Ranbp1;AI467606;Baz2a;Nck2;Ddx6;Rap1a;Rnf146;Ssh2;Cul4a;Etfdh;H1f0;Gmcl1;Med28;Mea1;Vmp1;Mbip
mmu-miR-126a-5p,1420,48,16,0.00943157133354348,2.00234234216276,Cdca7;Mboat1;Traf3;Nmrk1;Med11;Usp15;Ick;Gpbp1;Ctage5;Cask;Rtn4rl1;Rbm38;Ergic2;Polk;Tceanc2;Chd1l
mmu-miR-381-3p,1420,48,16,0.00943157133354348,2.00234234216276,Id2;Rsrp1;Tusc3;Slamf1;Cnot2;Ddx6;Srsf5;Usp15;Tbc1d15;Smek2;Scaf8;Snrk;Fam117a;Ssh2;Fam107b;Rnf13
mmu-miR-1258-5p,1420,20,8,0.0101188563348636,2.6635526816957,Traf3;Idh2;Ptpn6;Tgfb1;Mrrf;Pank2;Pex19;Arhgef2
mmu-miR-411-5p.2,1420,45,15,0.0111461306142128,2.00162961210152,Idh2;Mbnl2;Rnf149;Pfn1;Adpgk;Hadh;Zc3h12b;Prex1;Usp25;Yaf2;Zdhhc3;Ube2d1;Kifap3;Stx12;Tbr1
mmu-miR-802-5p,1420,49,16,0.011806777128478,1.94113529695636,Cap2;Gnpnat1;Traf3;Slc2a3;Rapgef4;Fos;Atp6ap2;Arpc2;Supt20;Srek1;D1Ertd622e;Rbm6;Khdrbs1;Pafah1b1;Glul;Dock4
mmu-miR-133a-3p.1,1420,49,16,0.011806777128478,1.94113529695636,Dusp1;Ppp1r9b;Rce1;Prex1;Akap9;Rcl1;Smek2;Zfp280c;Fkbp2;Tagln2;Stx5a;Vat1;Smek1;Zfp113;Ccdc117;Otub2
mmu-miR-466m-3p,1420,49,16,0.011806777128478,1.94113529695636,Abi2;Ppp1r9b;Cnot2;Senp7;Setd7;Bcl6;D1Ertd622e;Mkln1;Runx1;Stag2;Ccnt2;Rbm26;Cask;Cbll1;Dyrk2;Slco3a1
mmu-miR-466o-3p,1420,49,16,0.011806777128478,1.94113529695636,Abi2;Ppp1r9b;Cnot2;Senp7;Setd7;Bcl6;D1Ertd622e;Mkln1;Runx1;Stag2;Ccnt2;Rbm26;Cask;Cbll1;Dyrk2;Slco3a1
mmu-miR-369-3p,1420,46,15,0.0139853325017848,1.93653615732084,Desi1;Nck2;Dnajb5;9130401M01Rik;Setd2;Zc3h12b;Rap1a;Ick;Pde4d;Ncoa3;Uchl3;Trappc8;Rap1b;Rnf13;Ttc33
mmu-miR-291a-3p,1420,46,15,0.0139853325017848,1.93653615732084,Chn2;Txnip;Ostm1;Tax1bp1;Tgfbr2;Mbd2;Fbxl3;Dcaf6;Wdr45;Hn1;Wdr1;Mgat5;Suv420h1;Parp8;Mknk2
mmu-miR-295-3p,1420,46,15,0.0139853325017848,1.93653615732084,Chn2;Txnip;Ostm1;Tax1bp1;Tgfbr2;Mbd2;Fbxl3;Dcaf6;Wdr45;Hn1;Wdr1;Mgat5;Suv420h1;Parp8;Mknk2
mmu-miR-206-3p,1420,50,16,0.0146293380367101,1.88376309516283,Bach2;Anxa2;Tmsb4x;Ppib;Ip6k2;Nck2;Dnmt3a;Tbc1d15;Ndrg3;Smek2;Mgat5;Snx2;Pafah1b1;Mea1;Srsf9;Unc50
mmu-miR-376c-5p,1420,18,7,0.0164990084160613,2.54142903834917,Adam12;Cox10;Eif4e3;Rce1;Clic4;Secisbp2l;Ift88
mmu-miR-376b-5p,1420,18,7,0.0164990084160613,2.54142903834917,Adam12;Cox10;Eif4e3;Rce1;Clic4;Secisbp2l;Ift88
mmu-miR-449a-5p,1420,43,14,0.0165819060183355,1.93140190560043,Ptms;Ldha;Cbfa2t3;Thumpd1;Eno3;Limd2;Pkp4;Shkbp1;Sfmbt2;Smox;Golph3l;Ppp1r11;Fut8;Evi5l
mmu-miR-34a-5p,1420,43,14,0.0165819060183355,1.93140190560043,Ptms;Ldha;Cbfa2t3;Thumpd1;Eno3;Limd2;Pkp4;Shkbp1;Sfmbt2;Smox;Golph3l;Ppp1r11;Fut8;Evi5l
mmu-miR-449c-5p,1420,43,14,0.0165819060183355,1.93140190560043,Ptms;Ldha;Cbfa2t3;Thumpd1;Eno3;Limd2;Pkp4;Shkbp1;Sfmbt2;Smox;Golph3l;Ppp1r11;Fut8;Evi5l
mmu-miR-7b-5p,1420,47,15,0.0173568187794145,1.8757448884893,Strn3;Phf21a;Pan2;Vdac1;Slc5a3;Psme3;Pole4;0610007P14Rik;Lrrc59;Pde4d;Ddit4;Parp1;Ksr1;Snca;Mknk2
mmu-miR-7a-5p,1420,47,15,0.0173568187794145,1.8757448884893,Strn3;Phf21a;Pan2;Vdac1;Slc5a3;Psme3;Pole4;0610007P14Rik;Lrrc59;Pde4d;Ddit4;Parp1;Ksr1;Snca;Mknk2
mmu-miR-294-3p,1420,47,15,0.0173568187794145,1.8757448884893,Chn2;Txnip;Ostm1;Tax1bp1;Tgfbr2;Mbd2;Fbxl3;Dcaf6;Wdr45;Hn1;Wdr1;Mgat5;Suv420h1;Parp8;Mknk2
mmu-miR-302a-3p,1420,47,15,0.0173568187794145,1.8757448884893,Chn2;Txnip;Ostm1;Tax1bp1;Tgfbr2;Rnf103;Fbxl3;Dcaf6;Wdr45;Hn1;Wdr1;Mgat5;Suv420h1;Parp8;Mknk2
mmu-miR-302d-3p,1420,47,15,0.0173568187794145,1.8757448884893,Chn2;Txnip;Ostm1;Tax1bp1;Tgfbr2;Rnf103;Fbxl3;Dcaf6;Wdr45;Hn1;Wdr1;Mgat5;Suv420h1;Parp8;Mknk2
mmu-miR-194-5p,1420,47,15,0.0173568187794145,1.8757448884893,Hectd2;Phf21a;Sltm;Ddx6;Dnmt3a;Bckdha;Slk;Ssh2;Krit1;Got2;Ppfibp1;Ergic2;Hook3;Fam107b;Tmem161b
mmu-miR-382-5p,1420,47,15,0.0173568187794145,1.8757448884893,Ddx3x;Nkap;Spcs3;Slain1;Ick;Ppp3cc;Fbxo28;Ybx1;Stag2;Gmfb;Mcm9;Gmcl1;Akirin1;Paip2;Nxph1
mmu-miR-142a-3p.1,1420,47,15,0.0173568187794145,1.8757448884893,Bach2;Dirc2;Marcks;Traf3;AW549877;Strn3;Arntl;Asrgl1;Stam;Mob4;Rab14;Hgs;Tardbp;Stx12;Tmem59
mmu-miR-6388,1420,12,5,0.0196430967910834,2.85053320893874,Pou6f1;Tsr1;Rora;Ctdspl2;Ptpn14
mmu-miR-7052-3p,1420,9,4,0.0198041787650195,3.19122340893777,Agpat3;Mrpl54;Cox5a;Mtmr6
mmu-miR-30c-2-3p,1420,9,4,0.0198041787650195,3.19122340893777,Kdm2b;Ssr2;Dyrk1b;Pank3
mmu-miR-6958-5p,1420,9,4,0.0198041787650195,3.19122340893777,Kdm2b;Ssr2;Dyrk1b;Pank3
mmu-miR-30c-1-3p,1420,9,4,0.0198041787650195,3.19122340893777,Kdm2b;Ssr2;Dyrk1b;Pank3
mmu-miR-449b,1420,44,14,0.020616872853658,1.866753538351,Ptms;Ldha;Cbfa2t3;Thumpd1;Eno3;Limd2;Pkp4;Shkbp1;Sfmbt2;Smox;Golph3l;Ppp1r11;Fut8;Evi5l
mmu-miR-34b-5p,1420,44,14,0.020616872853658,1.866753538351,Ptms;Ldha;Cbfa2t3;Thumpd1;Eno3;Limd2;Pkp4;Shkbp1;Sfmbt2;Smox;Golph3l;Ppp1r11;Fut8;Evi5l
mmu-miR-125b-2-3p,1420,48,15,0.02131944250235,1.81864127875344,Chsy1;St6galnac4;B2m;Osbpl11;Cd28;Ppp1r9b;Set;Agpat5;Bcl6;Kdm6a;Tmem248;Zfand6;Fam49b;Phf6;4930579G24Rik
mmu-miR-299a-5p,1420,48,15,0.02131944250235,1.81864127875344,Nfkb1;Tspan2;Tiparp;Ppp2r5a;Fam3c;Stx16;Slc14a1;Naa25;Tdgf1;Mat2a;Golph3l;Egln1;Cep55;Tceal8;Scfd2
mmu-miR-101a-5p,1420,26,9,0.0235469649486616,2.11516757135627,Cir1;Crim1;Rap1a;Syt14;Sp3;Khdrbs1;Rora;Trpv2;Col4a3bp
mmu-miR-129-5p,1420,45,14,0.0253522439733805,1.80627288931066,Bach2;Nr4a2;Pmepa1;Cdc42ep3;Ddx6;Dnmt3a;Usp15;Tbc1d15;Rbak;Vps26a;Ssh2;Galnt12;Hmgb2;Npepps
mmu-miR-592-5p,1420,45,14,0.0253522439733805,1.80627288931066,Chd7;Tcf12;Uvrag;Ifi35;Sass6;Rock1;Vps13d;Syt14;B3glct;Pde4d;1700066M21Rik;Ppfibp1;Cep135;Nfatc2
mmu-miR-411-5p,1420,49,15,0.0259316438957425,1.76485249545182,Dusp1;Cd200;Vamp1;Set;Rbm39;Prpf39;Fbxl5;Zc3h12b;Foxo1;Ssr1;Bnip3;Nkiras1;Slco3a1;Sf3b3;Calml4
mmu-miR-338-5p,1420,30,10,0.0259820711338726,1.998081169165,Hspa5;Klf2;Cramp1l;Npat;Ppp6r3;Cul4a;Paip2;Sp2;Golga2;Nxph1
mmu-miR-6905-5p,1420,16,6,0.0269994458378915,2.39496641305497,Tcf12;Nrp1;Luc7l3;Phf21a;Pten;Ncor1
mmu-miR-1231-5p,1420,16,6,0.0269994458378915,2.39496641305497,Tcf12;Nrp1;Luc7l3;Phf21a;Pten;Ncor1
mmu-miR-374c-3p,1420,23,8,0.0277190628894028,2.13007425310128,Ccnd2;Pou6f1;Zfp644;Kctd1;Zbtb20;Kdm2a;Hmgb2;Rap1b
mmu-miR-216b-5p,1420,42,13,0.0301920604527139,1.79229133974606,Slc35d1;Htt;Dnajb5;Rce1;Spcs3;Wdr1;Cfl2;Erlec1;Pkp4;Scaf8;Sorbs1;Zfp423;Fbxo8
mmu-miR-543-3p,1420,46,14,0.0308523624273786,1.7495255203808,Bach2;Chn2;Sh2d3c;Cblb;Tnfsf11;Nck2;Usp45;Dnajb5;Fkbp4;Smek2;Ick;Fam117a;Epc1;Fbxo8
mmu-miR-302b-3p,1420,46,14,0.0308523624273786,1.7495255203808,Chn2;Txnip;Ostm1;Tax1bp1;Tgfbr2;Rnf103;Fbxl3;Dcaf6;Wdr45;Hn1;Mgat5;Suv420h1;Parp8;Mknk2
mmu-miR-495-3p,1420,46,14,0.0308523624273786,1.7495255203808,Hspa5;Rnf103;Dnmt3a;Srsf5;Spsb1;4930426L09Rik;Smek2;Snrpb;Pde4d;Stag2;Hspa4;Ddit4;Ppfibp1;Gdpd1
mmu-miR-7220-3p,1420,46,14,0.0308523624273786,1.7495255203808,Bin1;Map2k6;Tusc3;Dnajb5;Usp15;Thumpd1;Pgk1;Pja1;Pafah1b1;Ssh2;Bnip3;Ccdc117;Otub2;Actr6
mmu-miR-1197-3p,1420,46,14,0.0308523624273786,1.7495255203808,Tubb2b;Cbl;Pnisr;Asah2;Fchsd2;Tspan3;Zmym2;Cirh1a;Stag2;Ttc14;Ssh2;Aftph;Atp6v0c;Arfgap2
mmu-miR-877-5p,1420,46,14,0.0308523624273786,1.7495255203808,Lmo4;Xbp1;Adrbk1;Zc3h6;Rbm25;Dnmt3a;Sav1;D1Ertd622e;Hvcn1;Cbll1;Nhej1;Ylpm1;Slco3a1;Gpx1
mmu-miR-1a-3p,1420,50,15,0.0312503760646988,1.71413174945679,Bach2;Tm6sf1;Tmsb4x;Ppib;Ip6k2;Nck2;Dnmt3a;Tbc1d15;Ndrg3;Smek2;Mgat5;Snx2;Pafah1b1;Mea1;Srsf9
mmu-miR-93-5p,1420,50,15,0.0312503760646988,1.71413174945679,Cd274;Txnip;Ostm1;Rsrp1;Gnl1;Stk38;Rnf103;Ppp1r21;Hn1;Nanos1;Pafah1b1;Ncoa3;Ssh2;1500011K16Rik;Mknk2
mmu-miR-20a-5p,1420,50,15,0.0312503760646988,1.71413174945679,Cd274;Txnip;Ostm1;Gnl1;Stk38;Rnf103;Ppp1r21;Per1;Hn1;Nanos1;Pafah1b1;Ncoa3;Ssh2;1500011K16Rik;Mknk2
mmu-miR-365-3p,1420,50,15,0.0312503760646988,1.71413174945679,E2f2;Myzap;Plk3;Arrb2;Traf3;Rapgef4;Tcp11l2;Zfp644;Usp33;Fam3c;Wdr37;Snrk;Ssh2;Prpf40a;Usp48
mmu-miR-6972-5p,1420,10,4,0.0331591996353095,2.65913313935474,Cd226;Grap2;Syt14;Them4
mmu-miR-3475-3p,1420,10,4,0.0331591996353095,2.65913313935474,Cd226;Grap2;Syt14;Them4
mmu-miR-7219-5p,1420,10,4,0.0331591996353095,2.65913313935474,Plxdc2;Sept7;Slmap;Yaf2
mmu-miR-200a-5p,1420,35,11,0.0348568893200231,1.83150533800969,Wdr12;Chd7;Hivep3;Klf7;Nfia;Sp3;Ube3a;Shprh;Papolg;Acot13;Brpf3
mmu-miR-200b-5p,1420,35,11,0.0348568893200231,1.83150533800969,Wdr12;Chd7;Hivep3;Klf7;Nfia;Sp3;Ube3a;Shprh;Papolg;Acot13;Brpf3
mmu-miR-6951-5p,1420,43,13,0.0367624798348276,1.73225061865284,Esrp2;Vamp1;Ipo5;Kctd1;Usp15;Zbtb20;Fancl;Atg13;Ap5m1;Ttc14;Rufy2;Lnpep;Appl1
mmu-miR-152-3p,1420,47,14,0.0371783985123615,1.69621686568997,Bach2;Txnip;Ypel3;Ppp1r9b;Ddx6;Tmem9b;Fxr1;Stam;Npepl1;Psmb6;D1Ertd622e;Mgat5;Snx2;Gadd45a
mmu-miR-148a-3p,1420,47,14,0.0371783985123615,1.69621686568997,Bach2;Txnip;Ypel3;Ppp1r9b;Ddx6;Tmem9b;Fxr1;Stam;Npepl1;Psmb6;D1Ertd622e;Mgat5;Snx2;Gadd45a
mmu-miR-148b-3p,1420,47,14,0.0371783985123615,1.69621686568997,Bach2;Txnip;Ypel3;Ppp1r9b;Ddx6;Tmem9b;Fxr1;Stam;Npepl1;Psmb6;D1Ertd622e;Mgat5;Snx2;Gadd45a
mmu-miR-3065-5p,1420,17,6,0.0381419663229306,2.17692469211649,Syt13;Fbxw8;Acaca;Ptgr2;Scaf11;Clcn3
mmu-miR-6345,1420,17,6,0.0381419663229306,2.17692469211649,Phf20l1;Tmtc2;Taf1d;Nfia;Rdx;Zfp148
mmu-miR-6357,1420,17,6,0.0381419663229306,2.17692469211649,Phf20l1;Tmtc2;Taf1d;Nfia;Rdx;Zfp148
mmu-miR-7222-5p,1420,21,7,0.0436225174862603,1.99596419183556,Nr4a3;Bach2;Tmem87a;Spred1;Aven;Hoxd8;Hmgb2
mmu-miR-208a-3p,1420,44,13,0.04429709642604,1.67608291876705,Nav2;Eif4e3;Mob4;Med13;Ybx1;Snx2;Gpbp1;Snrk;Rbm26;Errfi1;Ranbp9;Ube2v2;Tmbim6
mmu-miR-362-3p,1420,44,13,0.04429709642604,1.67608291876705,Mdn1;Map2k6;Ppp1r3b;Phf21a;Brd8;Dusp22;Irf2bpl;Tasp1;Pde4d;Krit1;Rangap1;Cltb;Capzb
mmu-miR-329-3p,1420,44,13,0.04429709642604,1.67608291876705,Mdn1;Map2k6;Ppp1r3b;Phf21a;Brd8;Dusp22;Irf2bpl;Tasp1;Pde4d;Krit1;Rangap1;Cltb;Capzb
mmu-miR-6969-5p,1420,14,5,0.0443763884391345,2.21643998000763,Slc7a11;Fmr1;Brwd3;Ap5m1;Dyrk2
mmu-miR-664-5p,1420,14,5,0.0443763884391345,2.21643998000763,Galnt6;Runx3;Tmem248;Mrfap1;Ubr5
mmu-miR-340-5p,1420,48,14,0.0443870148805488,1.64604357153004,Tax1bp1;Ranbp1;Baz2a;Nck2;Usp15;Slc5a3;Rap1a;Dscc1;Cul4a;Etfdh;Gmcl1;Med28;Hspe1;Creld2
mmu-miR-218-5p,1420,48,14,0.0443870148805488,1.64604357153004,Tax1bp1;Dusp5;Fam65b;Herpud2;Rnf103;Arpc1b;Usp45;Slc5a3;Plgrkt;Smek2;1810032O08Rik;Ick;Ikzf1;Pkp4
mmu-miR-448-3p,1420,48,14,0.0443870148805488,1.64604357153004,Bach2;Tax1bp1;Tmsb4x;Phf3;Raver2;Map2k6;Prkcb;Lrrc57;Arntl;Htt;Usp15;Ikzf1;Scaf8;Tmub2
mmu-miR-7031-5p,1420,25,8,0.04741473433878,1.87876318638729,Cnn2;Rnf157;Ptms;Mtmr14;Fndc9;Tspan9;Hlcs;Tceanc2
mmu-miR-7056-5p,1420,11,4,0.0509595931047924,2.27894132943827,Phf21a;Acvrl1;Stag2;Cers4
mmu-miR-7038-3p,1420,11,4,0.0509595931047924,2.27894132943827,Tcf12;Xrn1;Mef2a;Ap2m1
mmu-miR-150-3p,1420,11,4,0.0509595931047924,2.27894132943827,Dyrk1b;Arhgap24;Emc3;Arhgef2
mmu-miR-6922-3p,1420,11,4,0.0509595931047924,2.27894132943827,Por;Ddx6;Rc3h2;Ubr5
mmu-miR-3101-5p,1420,18,6,0.0519147577182111,1.99526053464462,Msh6;Zbtb10;Vps54;Pafah1b1;Brd1;Suz12
mmu-miR-876-5p,1420,49,14,0.0525290903150221,1.59873938090035,Itm2a;Ptpra;Map2k6;Usp14;Per1;Klhl4;Scrn3;Srek1;Stag2;Sf3b1;Rprd2;Sp2;Creg1;Nanp
mmu-miR-103-1-5p,1420,49,14,0.0525290903150221,1.59873938090035,Ndrg1;Tax1bp1;Idh2;Mbnl2;Luc7l3;Kdm5a;Wdfy2;Csk;Bmi1;Rps19;Gmppb;Tardbp;Ccdc88a;Son
mmu-miR-128-3p,1420,45,13,0.0528528362433701,1.62342728190789,Tmsb10;Mdn1;Sh2d3c;Ypel3;Nav2;Traf3;Rnf103;Gusb;Gltp;Slc5a3;Ikzf1;Clpp;Paip2
mmu-miR-873a-5p.1,1420,45,13,0.0528528362433701,1.62342728190789,Map2k6;Tusc3;Dnajb5;Usp15;Thumpd1;Pgk1;Pja1;Pafah1b1;Ssh2;Bnip3;Ccdc117;Otub2;Actr6
mmu-miR-504-5p,1420,41,12,0.0528692023946668,1.65327056998012,Trp53inp1;Cep170;Usp15;Bora;0610007P14Rik;Ubn2;Yaf2;Crtam;Nlrc3;Nfya;Ppargc1b;Ap2m1
mmu-miR-451a,1420,22,7,0.0568814276516477,1.8624661981615,Cir1;Cox10;Zfp644;Rnf103;Psmb8;Cep55;Rer1
mmu-miR-871-5p,1420,22,7,0.0568814276516477,1.8624661981615,Spry1;Pdia4;Mtap;H6pd;Fastkd2;Yme1l1;Ube3a
mmu-miR-221-5p,1420,26,8,0.0600506122511958,1.77414530078599,Tapt1;Ralgps2;Trp53i11;Rragd;Usp3;Atg13;Pde4d;Tmem206
mmu-miR-17-5p,1420,50,14,0.0616485392794462,1.55406131156789,Cd274;Txnip;Ostm1;Gnl1;Stk38;Rnf103;Ppp1r21;Hn1;Nanos1;Pafah1b1;Ncoa3;Ssh2;1500011K16Rik;Mknk2
mmu-miR-106a-5p,1420,50,14,0.0616485392794462,1.55406131156789,Cd274;Txnip;Ostm1;Gnl1;Stk38;Rnf103;Ppp1r21;Hn1;Nanos1;Pafah1b1;Ncoa3;Ssh2;1500011K16Rik;Mknk2
mmu-miR-20b-5p,1420,50,14,0.0616485392794462,1.55406131156789,Cd274;Txnip;Ostm1;Gnl1;Stk38;Rnf103;Ppp1r21;Hn1;Nanos1;Pafah1b1;Ncoa3;Ssh2;1500011K16Rik;Mknk2
mmu-miR-106b-5p,1420,50,14,0.0616485392794462,1.55406131156789,Cd274;Txnip;Ostm1;Gnl1;Stk38;Rnf103;Ppp1r21;Hn1;Nanos1;Pafah1b1;Ncoa3;Ssh2;1500011K16Rik;Mknk2
mmu-miR-24-1-5p,1420,15,5,0.0617656463788619,1.99455787487704,Cers6;Fmr1;Sgms1;Bptf;Srpk2
mmu-miR-24-2-5p,1420,15,5,0.0617656463788619,1.99455787487704,Cers6;Fmr1;Sgms1;Bptf;Srpk2
mmu-miR-6972-3p,1420,15,5,0.0617656463788619,1.99455787487704,Kctd2;Tctn1;Grap2;Yaf2;Sec62
mmu-miR-7065-3p,1420,30,9,0.0619447466328029,1.71109501798121,Map3k5;Nabp1;Slc16a10;Fbxl3;Ppp6r3;Gpbp1;Trpm4;Rnf34;Acot13
mmu-miR-203-3p.1,1420,46,13,0.0624780435378666,1.5739613360742,Rtp4;Dusp5;Ctss;Serpinb9e;Ddx6;Rap1a;Ick;Dis3;Naa25;Tpr;Anp32e;Arfgap2;Fam78b
mmu-miR-302c-3p,1420,46,13,0.0624780435378666,1.5739613360742,Bach2;Tax1bp1;Rnf103;Hn1;Slc5a3;Acsl5;Rap1a;Arid4b;Dapp1;Suv420h1;Xiap;Suz12;Mknk2
mmu-miR-295-5p,1420,19,6,0.0684374234334505,1.84137269589052,Slc7a1;Zmym5;Yaf2;Bloc1s5;Zc3hav1l;Sike1
mmu-miR-6335,1420,23,7,0.0724346888581784,1.74581236214265,Bach2;Zcchc24;Zfp644;Fmr1;Ythdc1;Yaf2;Rufy2
mmu-miR-693-3p,1420,23,7,0.0724346888581784,1.74581236214265,Plekha1;Polr1a;Nav2;Dpysl2;Zbtb20;Arid4a;Dyrk1a
mmu-miR-124-3p.1,1420,47,13,0.0732112262759596,1.52740486387822,Xrcc6;Myo10;Traf3;Arpc1b;Usp45;Ddx6;Cand2;Rsrc2;Brwd1;Pde4d;Smox;Fam78b;Kif3a
mmu-miR-374c-5p,1420,47,13,0.0732112262759596,1.52740486387822,Chn2;Gpr162;Gpr174;Myo10;Fas;Atp5g2;Rrp9;Smek2;Ick;Ncoa3;Rilpl2;Rprd2;Rnf13
mmu-miR-22-5p,1420,47,13,0.0732112262759596,1.52740486387822,Pou6f1;Hsdl1;Zbtb20;Rictor;Rap1a;Txn2;Rnf14;Panx1;Vgll4;Mlkl;Rbm27;Arhgef2;Rap1b
mmu-miR-1298-5p,1420,47,13,0.0732112262759596,1.52740486387822,Abi2;Cers6;Sorl1;Usp7;Otud1;Fxr1;Cyp51;D1Ertd622e;Timm8a1;Pde4d;Suv420h1;Lrrfip2;Vmp1
mmu-miR-216a-5p,1420,47,13,0.0732112262759596,1.52740486387822,Marcks;Ppp1r9b;Htt;Csk;Nans;Ybx1;Gpbp1;B230219D22Rik;Aftph;Rprd2;Zic5;Tmem161b;Ccnj
mmu-miR-92a-3p,1420,47,13,0.0732112262759596,1.52740486387822,Myo10;Pgam1;Traf3;Rnf103;Bcat2;Klf2;Sfmbt2;Suv420h1;Man2c1;Anp32e;Ergic2;Ptar1;Snapc1
mmu-miR-142a-3p.2,1420,47,13,0.0732112262759596,1.52740486387822,Tax1bp1;Gypc;Cdkn1b;Ddx6;Crtap;Vps26a;Hsbp1;Bphl;Brwd1;Fam114a2;Snx2;Rnf168;Rnf13
mmu-miR-122-5p,1420,47,13,0.0732112262759596,1.52740486387822,Bach2;Aldoa;Slc2a3;Aldh18a1;Ms4a6c;Sh2d1a;Brwd1;Khdrbs1;Pkm;H1f0;Maf1;Npepps;Evi5l
mmu-miR-296-3p,1420,47,13,0.0732112262759596,1.52740486387822,Itm2a;Desi1;Entpd5;Sla2;Strn3;Fam46c;Zbtb20;Ggt7;Acp2;Rtn4rl1;Mcm6;Chtf8;Acot13
mmu-miR-1199-5p,1420,12,4,0.0733285190431561,1.9938562104201,Dgke;Entpd5;Dapp1;Rtn4rl1
mmu-miR-15a-3p,1420,12,4,0.0733285190431561,1.9938562104201,Klhdc2;Srek1;Fgfr1op;Rnf13
mmu-miR-135b-3p,1420,12,4,0.0733285190431561,1.9938562104201,Zfp458;Zfp738;Zfp953;Tex9
mmu-miR-20a-3p,1420,43,12,0.0744194975103116,1.5460783682044,Atp10a;Ndfip1;Tox;Heatr1;Ankrd50;Nme2;Spry1;Kdm2b;Ubald1;2310035C23Rik;Dyrk1a;Nkiras1
mmu-miR-126a-3p.2,1420,39,11,0.0753173872384983,1.56880413635486,Slc7a11;Tax1bp1;Pik3r1;Lrrc1;Chst2;Akt2;Cpeb4;Ankrd44;Strbp;Smek1;Lpp
mmu-miR-6715-5p,1420,31,9,0.0756423826756886,1.633042773604,Stk39;Osbpl11;Zeb1;Jarid2;Fam63b;Foxo1;Pafah1b1;Ppp4r2;Spred2
mmu-miR-1193-3p,1420,48,13,0.0850800192034818,1.48350848869895,Cd200;Nfatc1;Nav2;Nr1d2;Nln;Luc7l3;Usp15;Lin7c;Cacnb3;Cask;Alg9;Clcn3;Car15
mmu-miR-320-3p,1420,48,13,0.0850800192034818,1.48350848869895,Ctsl;Myo10;Tax1bp1;Btg2;Smarcd2;Rnf103;Usp15;Tbc1d15;Rap1a;Stag2;Suv420h1;Alg9;Zfp113
mmu-miR-221-3p,1420,48,13,0.0850800192034818,1.48350848869895,Btg2;Plcl2;Fos;Tle3;Gpbp1;Pafah1b1;Naa25;Spata6;Ddit4;Shprh;Paip2;Atpaf1;Wdpcp
mmu-miR-496a-3p.1,1420,48,13,0.0850800192034818,1.48350848869895,Tle4;Slamf1;Cnot2;Srf;Parp6;Stam;Yaf2;Ids;Ranbp9;Gfra1;Ergic2;Fam73a;Mgat2
mmu-miR-98-3p,1420,48,13,0.0850800192034818,1.48350848869895,Klhdc2;Ptms;Raver2;Basp1;Ier5;Fam65b;Slamf1;Ddx6;Ick;Scaf8;Smek1;Fam107b;Snapc1
mmu-let-7f-1-3p,1420,48,13,0.0850800192034818,1.48350848869895,Klhdc2;Ptms;Raver2;Basp1;Ier5;Fam65b;Slamf1;Ddx6;Ick;Scaf8;Smek1;Rap1b;Snapc1
mmu-let-7b-3p,1420,48,13,0.0850800192034818,1.48350848869895,Klhdc2;Ptms;Raver2;Basp1;Ier5;Fam65b;Slamf1;Ddx6;Ick;Scaf8;Smek1;Rap1b;Snapc1
mmu-miR-383-5p.1,1420,48,13,0.0850800192034818,1.48350848869895,Gpr174;Cd274;Irf1;Rmnd5a;Gmfg;Tuba1a;Strn3;Ddx6;Cnih1;Zc3h12b;Klhdc10;Prdx3;Nxph1
mmu-miR-6344,1420,48,13,0.0850800192034818,1.48350848869895,Mettl8;Nrp1;G3bp1;Pik3ca;Dennd6a;Setd7;Orc4;Ep300;Ankhd1;Asxl3;Scaf11;Sp2;Nfatc2
mmu-let-7a-2-3p,1420,48,13,0.0850800192034818,1.48350848869895,Dusp6;Mbd5;Klf7;Setd1b;Bcl6;Nfia;Pcgf5;Hvcn1;R3hdm1;Mrfap1;Rai1;Hmg20a;Birc6
mmu-miR-124-5p,1420,9,3,0.0864472419496727,1.993155539167,Tubb2b;P4hb;Nkiras1
mmu-miR-7651-5p,1420,9,3,0.0864472419496727,1.993155539167,Pdk3;A630033H20Rik;Slc39a10
mmu-miR-7047-5p,1420,9,3,0.0864472419496727,1.993155539167,Magi3;Atp5g1;Rpp40
mmu-miR-3103-5p,1420,9,3,0.0864472419496727,1.993155539167,Magi3;Atp5g1;Rpp40
mmu-miR-7235-5p,1420,9,3,0.0864472419496727,1.993155539167,Magi3;Atp5g1;Rpp40
mmu-miR-6965-5p,1420,9,3,0.0864472419496727,1.993155539167,Magi3;Atp5g1;Rpp40
mmu-miR-1291,1420,9,3,0.0864472419496727,1.993155539167,Adpgk;Rictor;Ubn1
mmu-miR-7226-5p,1420,9,3,0.0864472419496727,1.993155539167,Nr4a2;Rc3h2;Snapc1
mmu-miR-501-5p,1420,9,3,0.0864472419496727,1.993155539167,Dnajc15;Ppp6r3;Plxnb1
mmu-miR-7673-3p,1420,9,3,0.0864472419496727,1.993155539167,Zfp644;Secisbp2l;Ssh2
mmu-miR-208b-3p,1420,44,12,0.0870514721585547,1.49750566570047,Nav2;Mob4;Colq;Med13;Ybx1;Snx2;Gpbp1;Snrk;Errfi1;Ranbp9;Ube2v2;Tmbim6
mmu-miR-294-5p,1420,44,12,0.0870514721585547,1.49750566570047,Gse1;Ndfip1;Tspan31;Xpo1;Srpk1;Csk;Vps26a;Ssx2ip;Pcm1;1700066M21Rik;Krit1;Exoc4
mmu-miR-292b-5p,1420,44,12,0.0870514721585547,1.49750566570047,Gse1;Ndfip1;Tspan31;Xpo1;Srpk1;Csk;Vps26a;Ssx2ip;Pcm1;1700066M21Rik;Krit1;Exoc4
mmu-miR-1982-5p,1420,20,6,0.0877500722428743,1.70958631543873,Arid2;Vamp1;Klf13;Ctdsp2;Rufy2;Chtf8
mmu-miR-188-3p,1420,24,7,0.0903158665711603,1.64284300347176,Il17ra;Set;Zbtb6;Taf1d;Senp2;Gimap6;Ddx27
mmu-miR-127-3p,1420,24,7,0.0903158665711603,1.64284300347176,Chst15;Itga6;Ypel5;Sept7;Cuedc1;Klhl14;Mtss1l
mmu-miR-547-3p,1420,28,8,0.0912408642682007,1.59619517722431,Atp10a;Hecw2;Dyrk1b;Mtx2;Zmym2;Map3k2;Arhgef2;St8sia4
mmu-miR-758-3p,1420,49,13,0.0981003907588658,1.44205053760764,Bach2;Tax1bp1;Rad52;Rnf103;Usp15;Stk40;1600012H06Rik;Dzip1;9530068E07Rik;Mgat5;St7l;Ndufv3;Vmp1
mmu-miR-217-5p,1420,49,13,0.0981003907588658,1.44205053760764,Bach2;Chn2;Usp15;Tbc1d15;Rab37;Supt20;Slc38a2;Pkp4;Scaf8;Stag2;Ezh2;B230219D22Rik;Suz12
mmu-miR-6965-3p,1420,49,13,0.0981003907588658,1.44205053760764,Clk3;Hivep3;Lasp1;Scn4b;Prmt5;Fam78a;Phf21a;Ddx6;Spred1;Spsb1;Wdr1;Gramd1c;Zfp113
mmu-miR-150-5p,1420,49,13,0.0981003907588658,1.44205053760764,Tax1bp1;Myb;Tbc1d15;Krcc1;Mgat5;Pkp4;Pafah1b1;Them4;Stx5a;Gmcl1;Gdi1;Gdpd1;Ttc7
mmu-miR-10b-5p,1420,49,13,0.0981003907588658,1.44205053760764,Bach2;Bcl2l11;Slc6a19;Map2k6;Tmod1;Bbx;Usp45;Usp15;Bmp2k;Slc35g1;Mrps18c;Rora;Pafah1b1
mmu-miR-10a-5p,1420,49,13,0.0981003907588658,1.44205053760764,Bach2;Bcl2l11;Slc6a19;Map2k6;Tmod1;Bbx;Usp45;Usp15;Bmp2k;Slc35g1;Mrps18c;Rora;Pafah1b1
mmu-miR-142b,1420,49,13,0.0981003907588658,1.44205053760764,Pfkp;Plekho2;Hnrnpa0;Rock1;Tle3;Tspan14;Pde4d;Ctdspl2;Ubr5;Capzb;Clcn3;Slc30a9;Fbxo11
mmu-miR-7035-5p,1420,13,4,0.100159828762796,1.77195845274574,Nr4a3;Nav2;Rreb1;Pip4k2a
mmu-miR-211-5p,1420,45,12,0.100944667999098,1.45187645201348,Slc43a1;Chn2;Myo10;Baz2a;Rnf103;Spop;Ddx6;Ick;Cox5a;Eef1e1;Stag2;Ssrp1
mmu-miR-144-3p,1420,45,12,0.100944667999098,1.45187645201348,Bach2;Gpr183;Chn2;Smoc1;Atp5g2;Clk4;Pdcl;Rap1a;Pde4d;Pafah1b1;Suv420h1;Uchl3
mmu-miR-484,1420,17,5,0.10688903963827,1.66152000029918,Nme2;Mmp14;Htt;Ptpre;Mgat5
mmu-miR-145a-3p,1420,17,5,0.10688903963827,1.66152000029918,Inpp5k;Carm1;Mef2d;Tmem206;Cers4
mmu-miR-501-3p,1420,50,13,0.11227611077864,1.40283330023013,Arpp21;Impad1;Tfdp2;Lin7c;Rap1a;Mgat5;Mplkip;Ppp3cc;Pafah1b1;Cbll1;Sfmbt2;Shprh;Anp32e
mmu-miR-500-3p,1420,50,13,0.11227611077864,1.40283330023013,Arpp21;Impad1;Tfdp2;Lin7c;Rap1a;Mgat5;Mplkip;Ppp3cc;Pafah1b1;Cbll1;Sfmbt2;Shprh;Anp32e
mmu-miR-204-5p,1420,46,12,0.11609818672625,1.40893100760534,Slc43a1;Chn2;Myo10;Baz2a;Rnf103;Spop;Ddx6;Ick;Cox5a;Eef1e1;Stag2;Ssrp1
mmu-miR-30a-5p,1420,46,12,0.11609818672625,1.40893100760534,Carf;Usp45;Dnmt3a;Tbc1d15;Ick;Brwd1;Pde4d;Stag2;Naa25;Ddit4;Cmpk2;Ccdc117
mmu-miR-384-5p,1420,46,12,0.11609818672625,1.40893100760534,Carf;Usp45;Dnmt3a;Tbc1d15;Ick;Brwd1;Pde4d;Stag2;Naa25;Ddit4;Cmpk2;Ccdc117
mmu-miR-30e-5p,1420,46,12,0.11609818672625,1.40893100760534,Carf;Usp45;Dnmt3a;Tbc1d15;Ick;Brwd1;Pde4d;Stag2;Naa25;Ddit4;Cmpk2;Ccdc117
mmu-miR-30d-5p,1420,46,12,0.11609818672625,1.40893100760534,Carf;Usp45;Dnmt3a;Tbc1d15;Ick;Brwd1;Pde4d;Stag2;Naa25;Ddit4;Cmpk2;Ccdc117
mmu-miR-30c-5p,1420,46,12,0.11609818672625,1.40893100760534,Carf;Usp45;Dnmt3a;Tbc1d15;Ick;Brwd1;Pde4d;Stag2;Naa25;Ddit4;Cmpk2;Ccdc117
mmu-miR-30b-5p,1420,46,12,0.11609818672625,1.40893100760534,Carf;Usp45;Dnmt3a;Tbc1d15;Ick;Brwd1;Pde4d;Stag2;Naa25;Ddit4;Cmpk2;Ccdc117
mmu-miR-24-3p,1420,46,12,0.11609818672625,1.40893100760534,Gpr174;Cep95;Nav2;Nfxl1;Cct3;Dnmt3a;Per1;Rap1a;Stag2;Rap1b;Fam78b;B3gnt5
mmu-miR-140-3p.2,1420,46,12,0.11609818672625,1.40893100760534,Atl2;Marcks;Zc3h6;Slc5a3;Wdr92;Stag2;Glul;Suv420h1;Zfp131;Tgfb3;Arf5;Suz12
mmu-miR-30a-3p,1420,46,12,0.11609818672625,1.40893100760534,Cap2;Dnajb4;Ipo5;Ypel5;Rnf103;Pank2;Ppp2r5e;Fxr1;D1Ertd622e;Naa25;Slc25a33;Sun2
mmu-miR-30d-3p,1420,46,12,0.11609818672625,1.40893100760534,Cap2;Dnajb4;Ipo5;Ypel5;Rnf103;Pank2;Ppp2r5e;Fxr1;D1Ertd622e;Naa25;Slc25a33;Sun2
mmu-miR-30e-3p,1420,46,12,0.11609818672625,1.40893100760534,Cap2;Dnajb4;Ipo5;Ypel5;Rnf103;Pank2;Ppp2r5e;Fxr1;D1Ertd622e;Naa25;Slc25a33;Sun2
mmu-miR-204-3p,1420,42,11,0.119901616589325,1.41625474937298,Slc43a1;Raver2;Arf3;Prpf19;Ubald1;Dusp4;Slc5a3;Ggt7;Ubl7;Cops6;Rtn4rl1
mmu-miR-7684-5p,1420,42,11,0.119901616589325,1.41625474937298,Slc43a1;Raver2;Arf3;Prpf19;Ubald1;Dusp4;Slc5a3;Ggt7;Ubl7;Cops6;Rtn4rl1
mmu-miR-7217-3p,1420,10,3,0.121972603492582,1.70808400047008,Rnf103;Neu3;Mat2a
mmu-miR-28c,1420,10,3,0.121972603492582,1.70808400047008,Iffo2;Map1lc3b;Smox
mmu-miR-28b,1420,10,3,0.121972603492582,1.70808400047008,Iffo2;Map1lc3b;Smox
mmu-miR-6997-3p,1420,10,3,0.121972603492582,1.70808400047008,Gse1;Rad52;Rprd2
mmu-miR-190b-3p,1420,10,3,0.121972603492582,1.70808400047008,Fxr1;St13;Kcng3
mmu-miR-505-5p,1420,38,10,0.123619288579256,1.42519849697207,Mr1;Paqr7;Rbm19;B4galt5;Hipk2;Acp2;Rnf144a;Smox;Sdc3;Lpp
mmu-miR-210-3p,1420,30,8,0.130335849341612,1.45059635525648,Mef2a;Ndufa4;Dennd6a;Pptc7;B4galt5;Atg7;Asxl3;Kmt2d
mmu-miR-3065-3p,1420,14,4,0.131150628942608,1.59451101951537,Rnasel;Tspan14;Mllt11;Ube2v2
mmu-miR-6966-3p,1420,14,4,0.131150628942608,1.59451101951537,Mxd4;Pten;Bora;Orc4
mmu-miR-193b-3p,1420,47,12,0.132496142192538,1.36843929458391,Cnot6;C1galt1;Baz2a;Ip6k2;E2f6;Dcaf7;Timm8a1;Mllt11;Ctdspl2;Ccdc28a;Fam78b;Ap2m1
mmu-miR-193a-3p,1420,47,12,0.132496142192538,1.36843929458391,Cnot6;C1galt1;Baz2a;Ip6k2;E2f6;Dcaf7;Timm8a1;Mllt11;Ctdspl2;Ccdc28a;Fam78b;Ap2m1
mmu-miR-186-5p,1420,47,12,0.132496142192538,1.36843929458391,Pdcd4;Aldh7a1;Cirh1a;Atp6v1e1;Scaf8;Pde4d;Stag2;Ncoa3;Naa25;Tpr;Ppfibp1;Suz12
mmu-miR-367-3p,1420,47,12,0.132496142192538,1.36843929458391,Cd69;Pgam1;Rnf103;Bcat2;Klf2;Sfmbt2;Suv420h1;Man2c1;Anp32e;Ergic2;Ptar1;Snapc1
mmu-miR-92b-3p,1420,47,12,0.132496142192538,1.36843929458391,Myo10;Pgam1;Rnf103;Bcat2;Klf2;Sfmbt2;Suv420h1;Man2c1;Anp32e;Ergic2;Ptar1;Snapc1
mmu-miR-148a-5p,1420,18,5,0.134376180598299,1.53346261880136,Hspa5;Nbr1;Usp3;Bcl6;Suv420h1
mmu-miR-148b-5p,1420,18,5,0.134376180598299,1.53346261880136,Hspa5;Nbr1;Usp3;Bcl6;Suv420h1
mmu-miR-654-3p,1420,18,5,0.134376180598299,1.53346261880136,Mr1;Pacsin1;Ccdc93;Rnf145;Fxr1
mmu-miR-671-5p,1420,22,6,0.134515646540297,1.49539461952669,Tgfb1;Ggt7;Rasgef1b;Sash3;Diexf;Acaca
mmu-miR-3473g,1420,43,11,0.137507598168298,1.37176047755988,Nabp1;Crim1;Bbx;Arhgap12;Ssx2ip;Tmcc1;Ppp6r3;Dyrk2;Sorbs1;Map3k3;Pbrm1
mmu-miR-96-5p,1420,48,12,0.150107845017045,1.33019683658949,Bach2;Tes;Ppp1r9b;Usp45;Nkap;Nanos1;Brwd1;Cpm;Arfgap2;2410016O06Rik;Tbl1x;Evi5l
mmu-miR-143-3p,1420,48,12,0.150107845017045,1.33019683658949,Atp10a;Lmo4;Usp45;Ddx6;Mogs;Dnmt3a;Rsrc2;Gigyf2;Scaf8;Ssh2;Naa25;Nipsnap1
mmu-miR-222-3p,1420,48,12,0.150107845017045,1.33019683658949,Btg2;Plcl2;Tle3;Gpbp1;Pafah1b1;Naa25;Spata6;Ddit4;Shprh;Paip2;Atpaf1;Wdpcp
mmu-let-7c-2-3p,1420,48,12,0.150107845017045,1.33019683658949,Klhdc2;Ptms;Raver2;Basp1;Ier5;Fam65b;Slamf1;Ddx6;Ick;Scaf8;Smek1;Snapc1
mmu-let-7a-1-3p,1420,48,12,0.150107845017045,1.33019683658949,Klhdc2;Ptms;Raver2;Basp1;Ier5;Fam65b;Slamf1;Ddx6;Ick;Scaf8;Smek1;Snapc1
mmu-miR-21a-3p,1420,23,6,0.161676065526223,1.40719580748965,Dock5;Cyp51;Ctage5;Xpot;Prkrir;BC005537
mmu-miR-450a-5p,1420,11,3,0.162551466571318,1.49434580043888,Slc43a1;Khdrbs1;Vgll4
mmu-miR-540-3p,1420,11,3,0.162551466571318,1.49434580043888,Nfam1;Adam15;Vmp1
mmu-miR-679-5p,1420,11,3,0.162551466571318,1.49434580043888,Traf3;Wls;Rab3gap2
mmu-miR-873b,1420,11,3,0.162551466571318,1.49434580043888,Tspan14;Otulin;Arhgef2
mmu-miR-7090-5p,1420,11,3,0.162551466571318,1.49434580043888,Ndrg1;Cyp51;Scp2
mmu-miR-5620-3p,1420,11,3,0.162551466571318,1.49434580043888,Lmo4;Pip4k2a;Celf2
mmu-miR-31-3p,1420,11,3,0.162551466571318,1.49434580043888,Esrp2;Klf6;Nfia
mmu-miR-151-5p,1420,19,5,0.164809453135922,1.42369603660342,Ecm1;Ppp1r3b;Dyrk1b;Rufy2;Strbp
mmu-miR-1a-1-5p,1420,15,4,0.165843120224481,1.44932349059792,Ythdc1;Kdm6a;Atrx;Rpgrip1l
mmu-miR-1a-2-5p,1420,15,4,0.165843120224481,1.44932349059792,Ythdc1;Kdm6a;Atrx;Rpgrip1l
mmu-miR-21c,1420,49,12,0.168888314610276,1.29402126588247,Klf3;Gramd3;Spry1;Rnf103;Pdcd4;Arhgap24;Fbxo28;Stag2;Smad7;Edrf1;Suz12;Pbrm1
mmu-miR-19a-3p,1420,49,12,0.168888314610276,1.29402126588247,Id2;Pmepa1;Ddx6;Fam162a;Zc3h12b;Rap1a;Ikzf1;Brwd1;Aftph;Suz12;Kif3a;Evi5l
mmu-miR-101a-3p.1,1420,49,12,0.168888314610276,1.29402126588247,Emp1;Dnmt3a;Mob4;Ick;Pcgf5;Pde4d;Stag2;Ezh2;Ube2d1;Ddit4;Papolg;Epc1
mmu-miR-130b-3p,1420,49,12,0.168888314610276,1.29402126588247,Psap;Ulk2;Lonrf1;Pmepa1;Ddx6;Hprt;Tbc1d8;Rab5a;Brwd1;Snx2;Suv420h1;Zfp113
mmu-miR-301a-3p,1420,49,12,0.168888314610276,1.29402126588247,Tax1bp1;Psap;Lonrf1;Pmepa1;Ddx6;Hprt;Tbc1d8;Rab5a;Brwd1;Snx2;Suv420h1;Zfp113
mmu-miR-301b-3p,1420,49,12,0.168888314610276,1.29402126588247,Tax1bp1;Psap;Lonrf1;Pmepa1;Ddx6;Hprt;Tbc1d8;Rab5a;Brwd1;Snx2;Suv420h1;Zfp113
mmu-miR-539-5p,1420,49,12,0.168888314610276,1.29402126588247,Snap23;Fyn;Fam3c;Tceb2;1810032O08Rik;D1Ertd622e;2810474O19Rik;Wdr76;Kcng3;Paip2;Sec62;Ccdc117
mmu-miR-202-5p,1420,49,12,0.168888314610276,1.29402126588247,Bcl2;Fmnl2;Ndfip1;Oxct1;Lbr;Cnot2;Usp15;Cuedc1;Fam60a;Anp32e;Hmgb2;Atpaf1
mmu-miR-103-2-5p,1420,49,12,0.168888314610276,1.29402126588247,Ndrg1;Tax1bp1;Mbnl2;Luc7l3;Wdfy2;Bmi1;Rps19;Gmppb;Tardbp;Ccdc88a;Son;Zbtb41
mmu-miR-107-5p,1420,49,12,0.168888314610276,1.29402126588247,Ndrg1;Tax1bp1;Mbnl2;Luc7l3;Wdfy2;Bmi1;Rps19;Gmppb;Tardbp;Ccdc88a;Son;Zbtb41
mmu-miR-668-3p,1420,45,11,0.17660463721208,1.2906228834306,Atp10a;Slc25a37;Polr1a;Mospd1;Nsmf;9130401M01Rik;Spred1;BC021614;Appl1;4921524J17Rik;Foxa2
mmu-miR-544-3p,1420,45,11,0.17660463721208,1.2906228834306,Klf3;Spry1;Kdm2b;Gltp;Wdr1;Dis3;Gpbp1;Ggct;Stag2;Ttc14;Slc39a10
mmu-miR-582-5p,1420,45,11,0.17660463721208,1.2906228834306,Ndfip1;Rnf103;Pptc7;Pdcl;Zc3h12b;Ube2e1;Smek2;Idh3a;Pde4d;Naa25;Shprh
mmu-miR-409-3p,1420,45,11,0.17660463721208,1.2906228834306,Bach2;Syt13;Msh6;Lmo4;Luc7l3;Sacm1l;Akirin1;Hmgb2;Polk;Hormad1;Nxph1
mmu-miR-875-5p,1420,50,12,0.188779088929499,1.25974941480108,Ldlrad4;Gnpnat1;Dgkh;Rreb1;Luc7l3;Epm2aip1;Orc4;Pde4d;Stag2;Styx;Clcn3;Ppm1e
mmu-miR-27b-3p,1420,46,11,0.197959855030608,1.25353095071187,Mdn1;Gpr174;Dusp5;Nav2;Fam65b;Stk38;Zc3h12b;Tmem194b;Ikzf1;Npepps;Mknk2
mmu-miR-27a-3p,1420,46,11,0.197959855030608,1.25353095071187,Mdn1;Gpr174;Dusp5;Nav2;Fam65b;Stk38;Zc3h12b;Tmem194b;Ikzf1;Npepps;Mknk2
mmu-miR-339-5p,1420,46,11,0.197959855030608,1.25353095071187,Cd74;Ostm1;Map2k6;Dnajc7;Nck2;Pcyt1a;Tle3;Cers4;Cog5;Egln3;Ranbp6
mmu-miR-125b-5p,1420,46,11,0.197959855030608,1.25353095071187,Lfng;Arsi;Fam65b;Baz2a;Usp45;Tle3;Rap1a;Pafah1b1;Smek1;Ttc7;Tnfsf4
mmu-miR-505-3p.2,1420,46,11,0.197959855030608,1.25353095071187,Chd7;Tax1bp1;Snx12;Arntl;Mxi1;Socs3;Gpbp1;Alkbh3;Aftph;Prss41;Ino80c
mmu-miR-497b,1420,46,11,0.197959855030608,1.25353095071187,Atl2;Marcks;Zc3h6;Slc5a3;Wdr92;Stag2;Glul;Suv420h1;Tgfb3;Arf5;Suz12
mmu-miR-335-5p,1420,46,11,0.197959855030608,1.25353095071187,Ndfip1;Asah2;Chfr;Kdm4c;Naa25;Hoxd8;Fam107b;Tmem184c;Dock4;Zfp113;Zmpste24
mmu-miR-16-1-3p,1420,33,8,0.202539715050985,1.27587316734002,Klf3;Gnpnat1;Fyn;Ktn1;Dcaf6;Ttc14;Tardbp;Acot13
mmu-miR-6400,1420,16,4,0.203669371824952,1.32833132851018,Plekho2;Wdfy2;Pank2;Ap2m1
mmu-miR-6964-3p,1420,16,4,0.203669371824952,1.32833132851018,Trpm7;Ndst4;Mocs2;Lpp
mmu-miR-351-5p,1420,47,11,0.220404556575089,1.21849939955188,Lfng;Arsi;Fam65b;Baz2a;Usp45;Tle3;Rap1a;Pafah1b1;Smek1;Ttc7;Tnfsf4
mmu-miR-125a-5p,1420,47,11,0.220404556575089,1.21849939955188,Lfng;Arsi;Fam65b;Baz2a;Usp45;Tle3;Rap1a;Pafah1b1;Smek1;Ttc7;Tnfsf4
mmu-miR-431-5p,1420,47,11,0.220404556575089,1.21849939955188,Fam65b;Top2b;Zfp644;Gadd45g;Pisd;Stt3b;Arl13b;Ank;Ube2d1;Stx5a;Alg9
mmu-miR-203-3p.2,1420,47,11,0.220404556575089,1.21849939955188,Dusp5;Usp45;Dnmt3a;Tmem194b;Ick;Dis3;Pde4d;Stag2;Gmcl1;Hspe1;Unc50
mmu-miR-708-5p,1420,47,11,0.220404556575089,1.21849939955188,Ptpn6;Kit;Dnmt3a;Ssh2;Gmppb;Shprh;Rap1b;Slco3a1;Atpaf1;Pmf1;Ssrp1
mmu-miR-28a-5p,1420,47,11,0.220404556575089,1.21849939955188,Ptpn6;Kit;Dnmt3a;Ssh2;Gmppb;Shprh;Rap1b;Slco3a1;Atpaf1;Pmf1;Ssrp1
mmu-miR-155-5p,1420,47,11,0.220404556575089,1.21849939955188,Cd274;Ndfip1;Myo10;Traf3;Tle4;Raver2;Usp45;Jarid2;Lrrc59;Ssh2;Carhsp1
mmu-miR-496a-3p.2,1420,47,11,0.220404556575089,1.21849939955188,Tax1bp1;Ptpn12;Igf2bp3;Usp15;Tbc1d15;Atg14;Tmcc1;Pde4d;Ppil1;Suv420h1;Chd1l
mmu-miR-452-5p,1420,47,11,0.220404556575089,1.21849939955188,Tes;Myo10;Top2b;Phf21a;Pgk1;Pde4d;Hmgb3;Hat1;Sf3b1;Vmp1;Npepps
mmu-miR-25-3p,1420,47,11,0.220404556575089,1.21849939955188,Myo10;Pgam1;Bcat2;Klf2;Sfmbt2;Suv420h1;Man2c1;Anp32e;Ergic2;Ptar1;Snapc1
mmu-miR-32-5p,1420,47,11,0.220404556575089,1.21849939955188,Myo10;Pgam1;Traf3;Bcat2;Klf2;Sfmbt2;Suv420h1;Anp32e;Ergic2;Ptar1;Snapc1
mmu-miR-363-3p,1420,47,11,0.220404556575089,1.21849939955188,Myo10;Pgam1;Bcat2;Klf2;Sfmbt2;Suv420h1;Man2c1;Anp32e;Ergic2;Ptar1;Snapc1
mmu-miR-331-3p,1420,48,11,0.243836793761104,1.18531852316306,Dnajb5;Rab37;Vwa3b;Psme3;Dctn4;Rap1a;Tnfaip1;0610007P14Rik;Abhd17a;Fam78b;C1ql3
mmu-miR-499-5p,1420,48,11,0.243836793761104,1.18531852316306,Fyn;Nav2;Zfp266;Tbc1d15;Arglu1;Pigw;Snx2;Snrk;Ptar1;Ube2v2;Tmbim6
mmu-miR-483-3p.2,1420,48,11,0.243836793761104,1.18531852316306,Tacc2;Kctd18;Atp13a3;Pgam1;Arrb2;Raver2;Mxd4;Rnf149;Ogt;Rbak;Ick
mmu-miR-145a-5p,1420,48,11,0.243836793761104,1.18531852316306,Bach2;Hs6st1;Add3;Carf;Ndufa4;Pdcd4;Spop;Tmem9b;Ssh2;Naa25;Zfyve9
mmu-miR-145b,1420,48,11,0.243836793761104,1.18531852316306,Bach2;Hs6st1;Add3;Carf;Ndufa4;Pdcd4;Spop;Tmem9b;Ssh2;Naa25;Zfyve9
mmu-miR-135a-5p,1420,48,11,0.243836793761104,1.18531852316306,Txnip;Sh2d3c;Ssr2;Camk1g;Pdcl;1600012H06Rik;Ick;Snrk;Zfp131;Ergic2;Otub2
mmu-miR-135b-5p,1420,48,11,0.243836793761104,1.18531852316306,Txnip;Sh2d3c;Ssr2;Camk1g;Pdcl;1600012H06Rik;Ick;Snrk;Zfp131;Ergic2;Otub2
mmu-miR-455-3p.2,1420,48,11,0.243836793761104,1.18531852316306,Zfp36l1;Stk39;Usp15;Dynll1;Zfand4;Usp25;Fgfr1op;Rev3l;Zfand6;Otub2;Ino80c
mmu-miR-664-3p,1420,48,11,0.243836793761104,1.18531852316306,Cd226;Il17rb;Chmp5;Rb1cc1;Mpp6;Mrrf;Pdpr;Cpt1a;March7;Ybx1;March2
mmu-miR-22-3p,1420,48,11,0.243836793761104,1.18531852316306,Vasp;Dnajb5;Lin7c;Clic4;Mgat5;Snrk;Stag2;Ddit4;Styx;Fam49b;Sirt1
mmu-miR-132-3p,1420,48,11,0.243836793761104,1.18531852316306,Ddx6;Dnmt3a;Tmem194b;Brwd1;Ep300;Fkbp2;Ssh2;Ppfibp1;Med28;Paip2;Klhl11
mmu-miR-212-3p,1420,48,11,0.243836793761104,1.18531852316306,Ddx6;Dnmt3a;Tmem194b;Brwd1;Ep300;Fkbp2;Ssh2;Ppfibp1;Med28;Paip2;Klhl11
mmu-miR-183-5p.2,1420,48,11,0.243836793761104,1.18531852316306,Bach2;B4galnt1;Phf21a;Pdcd4;Rap1a;Pkp4;Stag2;Smek1;Msn;2410016O06Rik;Tmbim6
mmu-miR-568,1420,48,11,0.243836793761104,1.18531852316306,Cdca7;Cerk;Dusp1;Maml2;Med14;Aaed1;Akirin1;Calml4;Ndufaf4;Srpk2;Cmtm6
mmu-miR-6354,1420,17,4,0.24399451023607,1.22595104828859,Ggt7;Pag1;Nhej1;Strbp
mmu-miR-34a-3p,1420,17,4,0.24399451023607,1.22595104828859,Klf3;Ndc1;D1Ertd622e;Parp8
mmu-miR-343,1420,17,4,0.24399451023607,1.22595104828859,Edem1;Vps13d;Ube3a;Fam20a
mmu-miR-6934-3p,1420,13,3,0.254719878812112,1.19505765388973,Cad;Kdelr1;March2
mmu-miR-497a-3p,1420,13,3,0.254719878812112,1.19505765388973,Nhej1;Slc25a4;Prkrir
mmu-miR-6986-5p,1420,13,3,0.254719878812112,1.19505765388973,Ptms;Hectd3;Kdelr1
mmu-miR-6930-3p,1420,13,3,0.254719878812112,1.19505765388973,Atp5d;Senp6;Sbk1
mmu-miR-92a-1-5p,1420,13,3,0.254719878812112,1.19505765388973,Arid2;Fam78b;Srpk2
mmu-miR-652-3p,1420,13,3,0.254719878812112,1.19505765388973,Vwa3b;Bcl6;Capzb
mmu-miR-7017-3p,1420,13,3,0.254719878812112,1.19505765388973,Slc7a11;Phf21a;Snrk
mmu-miR-154-3p,1420,44,10,0.257108133197958,1.17251957010819,Txnip;Dnmt3a;Bmi1;Sp3;Pde4d;Prpf40a;Anp32e;Styx;Sirt1;Npepps
mmu-miR-7676-5p,1420,9,2,0.263597703955456,1.13803074202149,Sema4b;Evi5l
mmu-miR-215-3p,1420,9,2,0.263597703955456,1.13803074202149,Usp15;Yaf2
mmu-miR-6902-5p,1420,9,2,0.263597703955456,1.13803074202149,Dusp1;Sesn3
mmu-miR-124-3p.2,1420,49,11,0.268144408620832,1.15400181264,Myo10;Raver2;Sord;Pde4d;Stag2;Acaa2;Papolg;H2-DMa;Zfp113;Fam78b;Ccdc117
mmu-miR-599-5p,1420,49,11,0.268144408620832,1.15400181264,Traf3;Rnf103;Tbc1d15;Rgs19;Capn7;Ssh2;Pnn;Anp32e;Hagh;Egln1;Nfrkb
mmu-miR-29b-3p,1420,49,11,0.268144408620832,1.15400181264,Bach2;Nav2;Rpl5;Dnmt3a;Brwd1;Stag2;Suv420h1;Ifi30;Arf5;Ppic;Otub2
mmu-miR-29c-3p,1420,49,11,0.268144408620832,1.15400181264,Bach2;Nav2;Rpl5;Dnmt3a;Brwd1;Stag2;Suv420h1;Ifi30;Arf5;Ppic;Otub2
mmu-miR-29a-3p,1420,49,11,0.268144408620832,1.15400181264,Bach2;Nav2;Rpl5;Dnmt3a;Brwd1;Stag2;Suv420h1;Ifi30;Arf5;Ppic;Otub2
mmu-miR-21a-5p,1420,49,11,0.268144408620832,1.15400181264,Gramd3;Spry1;Rnf103;Pdcd4;Arhgap24;Fbxo28;Stag2;Smad7;Edrf1;Suz12;Pbrm1
mmu-miR-19b-3p,1420,49,11,0.268144408620832,1.15400181264,Id2;Pmepa1;Fam162a;Zc3h12b;Rap1a;Ikzf1;Brwd1;Aftph;Suz12;Kif3a;Evi5l
mmu-miR-130a-3p,1420,49,11,0.268144408620832,1.15400181264,Psap;Lonrf1;Pmepa1;Ddx6;Hprt;Tbc1d8;Rab5a;Brwd1;Snx2;Suv420h1;Zfp113
mmu-miR-1954,1420,49,11,0.268144408620832,1.15400181264,Wdr78;Rps6kb1;Med11;Nr2c2;Cpeb4;Ppp1r16b;Fxr1;Tdrkh;Dtnb;Nt5c2;Ammecr1
mmu-miR-489-3p,1420,49,11,0.268144408620832,1.15400181264,Arhgap9;Bcor;Phf21a;Rnf145;Atp5g3;Pkp4;Suv420h1;Scamp1;Smek1;Zfp423;Polh
mmu-miR-106a-3p,1420,49,11,0.268144408620832,1.15400181264,Arl5c;Ikzf2;Fyn;Cnot2;Rnf103;Prrc2c;Ywhaq;Sema4b;Fgfr1op;Ireb2;Smek1
mmu-miR-17-3p,1420,49,11,0.268144408620832,1.15400181264,Arl5c;Ikzf2;Fyn;Cnot2;Rnf103;Prrc2c;Ywhaq;Sema4b;Fgfr1op;Ireb2;Smek1
mmu-miR-20b-3p,1420,49,11,0.268144408620832,1.15400181264,Arl5c;Ikzf2;Fyn;Cnot2;Rnf103;Prrc2c;Ywhaq;Sema4b;Fgfr1op;Ireb2;Smek1
mmu-miR-7021-3p,1420,22,5,0.269991201779152,1.17191033995517,Slc25a27;Strn3;Hs3st3b1;Dyrk1a;Rnf13
mmu-miR-26a-2-3p,1420,22,5,0.269991201779152,1.17191033995517,Sh2d2a;Sell;Txn2;Usp39;Stat2
mmu-miR-7039-3p,1420,22,5,0.269991201779152,1.17191033995517,Sh2d2a;Sell;Txn2;Usp39;Stat2
mmu-miR-26b-3p,1420,22,5,0.269991201779152,1.17191033995517,Sh2d2a;Sell;Txn2;Usp39;Stat2
mmu-miR-6932-3p,1420,22,5,0.269991201779152,1.17191033995517,Sh2d2a;Sell;Txn2;Usp39;Stat2
mmu-miR-377-3p,1420,45,10,0.283153381899272,1.13881345066458,Acot7;Ipo5;Baz2a;Phf21a;Ltb;Mgat5;Cul4a;Serac1;Paip2;Ttc33
mmu-miR-137-3p,1420,45,10,0.283153381899272,1.13881345066458,Traf3;Raver2;Baz2a;Fam220a;Ikzf1;Ybx1;Snrk;Ncoa3;Cul4a;Atpaf1
mmu-miR-1224-5p,1420,45,10,0.283153381899272,1.13881345066458,Klf3;Dirc2;Ppp1r9b;Prpf4b;Sestd1;Adam10;Rnf146;B3glct;Ttc14;Prpf40a
mmu-miR-33-3p,1420,18,4,0.286155406250597,1.13822558982893,Tspan31;Bcl6;Cpt1a;Vmp1
mmu-miR-3544-5p,1420,18,4,0.286155406250597,1.13822558982893,Mgat4a;Itpr2;Mat2a;Gtf2a1
mmu-miR-200a-3p,1420,50,11,0.293207141154938,1.1242087613006,Nrp1;Dmwd;Phb2;Adpgk;Mrrf;Klf6;Rnf145;Nanos1;Slk;Anp32e;Kif3a
mmu-miR-141-3p,1420,50,11,0.293207141154938,1.1242087613006,Nrp1;Dmwd;Phb2;Adpgk;Mrrf;Klf6;Rnf145;Nanos1;Slk;Anp32e;Kif3a
mmu-miR-370-3p,1420,41,9,0.299585127051262,1.12082102078929,Prkch;Raver2;Baz2a;Snrpd3;Dnmt3a;Naa25;Smox;Cdkn2aipnl;Gm3086
mmu-miR-191-3p,1420,14,3,0.304147578759914,1.08629255189192,Wdr1;Ssr1;Clasp1
mmu-miR-7035-3p,1420,14,3,0.304147578759914,1.08629255189192,Set;Mrpl4;Clasp1
mmu-miR-504-3p,1420,14,3,0.304147578759914,1.08629255189192,Xylt2;Usp15;Map3k3
mmu-miR-29a-5p,1420,14,3,0.304147578759914,1.08629255189192,Arl6ip6;Trpm7;Zbtb25
mmu-miR-133a-5p,1420,14,3,0.304147578759914,1.08629255189192,Nme2;Zeb1;Zbtb20
mmu-miR-7211-3p,1420,14,3,0.304147578759914,1.08629255189192,Cbl;Myo1e;Ifrd2
mmu-miR-29b-1-5p,1420,14,3,0.304147578759914,1.08629255189192,Ep300;Trpv2;Rap1b
mmu-miR-7225-3p,1420,23,5,0.308220073397833,1.10660123572625,Dgke;Ndfip1;Asun;Ccnl1;Mat2a
mmu-miR-505-3p.1,1420,46,10,0.309928490343709,1.10697907020975,Mier1;Crim1;Ppp1r21;Nck2;Fmr1;Cnih1;Zc3h12b;Arid4b;Pafah1b1;Nhej1
mmu-miR-615-3p,1420,10,2,0.3242941755824,0.995592846976526,Pacsin1;Mef2a
mmu-miR-6715-3p,1420,10,2,0.3242941755824,0.995592846976526,Fkbp4;Akirin1
mmu-miR-1190,1420,10,2,0.3242941755824,0.995592846976526,Mrrf;Chd9
mmu-miR-138-2-3p,1420,10,2,0.3242941755824,0.995592846976526,Cep57l1;Sike1
mmu-miR-743b-5p,1420,10,2,0.3242941755824,0.995592846976526,Cd46;Taf1d
mmu-miR-6948-5p,1420,10,2,0.3242941755824,0.995592846976526,Cd46;Taf1d
mmu-miR-380-5p,1420,10,2,0.3242941755824,0.995592846976526,Ccr7;Serac1
mmu-miR-470-5p,1420,10,2,0.3242941755824,0.995592846976526,Pou6f1;Tmcc1
mmu-miR-187-5p,1420,10,2,0.3242941755824,0.995592846976526,Nr2c2;Hipk2
mmu-miR-19b-1-5p,1420,28,6,0.324816543753618,1.08647555594805,Rbbp7;Cnot2;Luc7l3;Zmym5;Stxbp5;Nfatc2
mmu-miR-19b-2-5p,1420,28,6,0.324816543753618,1.08647555594805,Rbbp7;Cnot2;Luc7l3;Zmym5;Stxbp5;Nfatc2
mmu-miR-6481,1420,28,6,0.324816543753618,1.08647555594805,Edem1;Aven;Cyp51;Msn;Rnf13;Mgat2
mmu-miR-1968-5p,1420,19,4,0.329493246648696,1.06214685983432,Cd8b1;Klf2;Csk;Rgs19
mmu-miR-7074-5p,1420,19,4,0.329493246648696,1.06214685983432,Tgfb1;Neu3;Stx1a;Scp2
mmu-miR-146a-5p,1420,47,10,0.337283025661898,1.07686546870424,Raver2;Tmem120b;Slamf1;Rnf103;Usp3;Tdrkh;Parp1;Hormad1;Ccdc117;B3gnt5
mmu-miR-146b-5p,1420,47,10,0.337283025661898,1.07686546870424,Raver2;Tmem120b;Slamf1;Rnf103;Usp3;Tdrkh;Parp1;Hormad1;Ccdc117;B3gnt5
mmu-miR-330-3p.2,1420,47,10,0.337283025661898,1.07686546870424,Tax1bp1;Idh2;Fam65b;Pdcd4;Dnmt3a;Tceal6;Rap1a;Alg9;Tbl1x;Calml4
mmu-miR-138-5p,1420,47,10,0.337283025661898,1.07686546870424,St6galnac4;Tiparp;Nav2;Phf21a;Dnmt3a;Ahcyl2;Suv420h1;Gng2;Rhoc;Edf1
mmu-miR-133c,1420,47,10,0.337283025661898,1.07686546870424,Cnn2;Hsd17b11;Baz2a;Per1;Ptbp1;P2rx4;Snrk;Cmpk1;Zc3h14;Aftph
mmu-miR-323-3p,1420,47,10,0.337283025661898,1.07686546870424,Dnajc6;Carf;Psme3;Cep70;Pde4d;Snrk;Krit1;Aftph;Dock4;Fbxo8
mmu-miR-224-5p,1420,47,10,0.337283025661898,1.07686546870424,Lypd6b;Egr2;Baz2a;Tmem9b;Pdcl;Car2;Timm8a1;Maf1;Rer1;Otub2
mmu-miR-670-3p,1420,47,10,0.337283025661898,1.07686546870424,Evl;Traf3;Ttc9c;Pkp4;Stag2;Paip2;Tbrg4;Rnf13;Wdr35;Gcc2
mmu-miR-382-3p,1420,47,10,0.337283025661898,1.07686546870424,Phxr2;Map2k6;Slc5a3;B4galt5;Rap1a;Suv420h1;Anp32e;Tmbim6;Pard6b;Micu1
mmu-miR-190b-5p,1420,47,10,0.337283025661898,1.07686546870424,Tdrd5;Bach2;Trp53inp1;Tbc1d15;Epc2;Rbak;Tnrc6c;Atg7;Higd1a;Slc25a36
mmu-miR-28a-3p,1420,47,10,0.337283025661898,1.07686546870424,Vim;Traf3;Pea15a;Per1;Usp15;Rsbn1l;Trim23;Sec23a;Wasl;Parp8
mmu-miR-3059-5p,1420,48,10,0.36506433784862,1.04833771537489,Slc43a1;Relb;Traf3;Mrrf;Zbtb25;Emc3;Strbp;Arhgef2;Rnf13;Sdc3
mmu-miR-136-5p,1420,48,10,0.36506433784862,1.04833771537489,Samhd1;Trpc4ap;Glipr2;Phf21a;Nanos1;Stx17;Bptf;4921524J17Rik;BC005537;Mdm1
mmu-miR-190a-5p,1420,48,10,0.36506433784862,1.04833771537489,Tdrd5;Bach2;Trp53inp1;Tbc1d15;Epc2;Rbak;Tnrc6c;Atg7;Higd1a;Slc25a36
mmu-miR-423-5p,1420,48,10,0.36506433784862,1.04833771537489,Tpm4;Ptms;Odc1;Ddx6;Per1;Smim3;Rab14;Ddit4;Cltb;BC037034
mmu-miR-409-5p,1420,48,10,0.36506433784862,1.04833771537489,Mtss1;Marcks;Usp7;Adam10;Arid4b;Khdrbs1;Stag2;Suv420h1;Ubxn4;Zbtb34
mmu-miR-881-3p,1420,20,4,0.373379361501566,0.995586620391821,Rgs3;Slc43a2;Idh2;Acp2
mmu-miR-181b-2-3p,1420,39,8,0.379791324539877,1.02786984248328,Phc3;Xbp1;Mcm5;2010106E10Rik;Slc30a9;Stx7;Ttc33;Snx30
mmu-miR-181b-1-3p,1420,39,8,0.379791324539877,1.02786984248328,Phc3;Xbp1;Mcm5;2010106E10Rik;Slc30a9;Stx7;Ttc33;Snx30
mmu-miR-7041-5p,1420,11,2,0.384947691461557,0.88482943620371,Ubxn7;Nfe2l1
mmu-miR-27b-5p,1420,11,2,0.384947691461557,0.88482943620371,Cnot6;Gmcl1
mmu-miR-7665-5p,1420,11,2,0.384947691461557,0.88482943620371,Nfia;Hsd3b1
mmu-miR-6976-5p,1420,11,2,0.384947691461557,0.88482943620371,Nfia;Hsd3b1
mmu-miR-7043-3p,1420,25,5,0.386711507710769,0.9955835004903,Rnf157;Sbk1;Tagln2;Akirin1;Sptb
mmu-miR-214-5p,1420,49,10,0.393120106835611,1.02127483847829,Slc43a1;Ttc9c;Taf10;Cish;Art1;Mgat5;0610007P14Rik;Tcf7;Nhej1;Arhgap28
mmu-miR-346-5p,1420,49,10,0.393120106835611,1.02127483847829,Mef2a;Carm1;Wrn;Ppp1r9b;Rnf103;Rbm39;Bcl6;Rdx;Zfc3h1;Nxph1
mmu-miR-503-5p,1420,49,10,0.393120106835611,1.02127483847829,Ccnd2;Aqp11;Gpr174;Zfp629;Rictor;Chpf;Emc6;Ccnt2;Phactr2;Zfp423
mmu-miR-425-5p,1420,49,10,0.393120106835611,1.02127483847829,Arhgap9;Bcor;Phf21a;Rnf145;Atp5g3;Pkp4;Suv420h1;Scamp1;Smek1;Polh
mmu-miR-9-3p,1420,49,10,0.393120106835611,1.02127483847829,Ccnd2;Fam134b;Hsph1;Tbc1d15;Stag2;Nxt2;Hspa4;Alg9;Zfp113;Srpk2
mmu-miR-151-3p,1420,49,10,0.393120106835611,1.02127483847829,Dhrs3;Chl1;Cep95;Clk1;Klf6;Fxr1;Spag9;Rprd2;Dctn2;Zfp317
mmu-miR-7227-5p,1420,16,3,0.404697021573596,0.918866416522646,Tbc1d15;Fxr1;Npepps
mmu-miR-130a-5p,1420,35,7,0.404714174892492,0.995577247421983,Fyn;Cbfa2t3;Ubald1;Dnmt3a;Slk;Foxo3;Fbxo8
mmu-miR-653-5p,1420,45,9,0.416649135349195,0.995570976603733,Tacc2;Traf3;Lmo4;Basp1;Nkap;Tbc1d8;Scaf8;Cul4a;Tbl1x
mmu-let-7c-1-3p,1420,45,9,0.416649135349195,0.995570976603733,Kdm2b;Fbxl3;Sept7;Arid4b;Golga1;Scaf8;Hmgn1;Fam49b;St8sia4
mmu-miR-3074-2-3p,1420,21,4,0.41723437350904,0.936834568312965,Klf3;Alyref;Aven;Mak16
mmu-miR-330-3p.1,1420,50,10,0.42130068689939,0.995567834514695,Gnl1;Arpc1b;Usp45;Insl5;Dnajb5;Rap1a;D1Ertd622e;Ick;Sfmbt2;Paip2
mmu-miR-191-5p,1420,50,10,0.42130068689939,0.995567834514695,Egr1;Mapre2;Chmp5;Tor1aip2;Tbc1d15;Iffo2;Nfia;Cask;Suv420h1;Ammecr1
mmu-let-7f-2-3p,1420,50,10,0.42130068689939,0.995567834514695,Bach2;Ppt1;Tox;Mbnl2;Fxr1;Cd2ap;Pcm1;Rev3l;Golph3l;Npepps
mmu-miR-29b-2-5p,1420,41,8,0.442601194991152,0.965228165435243,Gramd3;Phf20l1;Atg13;Ubxn7;Sptb;Abcb7;Acadl;Evi5l
mmu-miR-6338,1420,41,8,0.442601194991152,0.965228165435243,Gramd3;Phf20l1;Atg13;Ubxn7;Sptb;Abcb7;Acadl;Evi5l
mmu-miR-653-3p,1420,12,2,0.444209275170277,0.796217496442517,Emc3;BC005537
mmu-miR-1964-5p,1420,12,2,0.444209275170277,0.796217496442517,Cdk19;Sec62
mmu-miR-6375,1420,12,2,0.444209275170277,0.796217496442517,Edem1;Ppp1r13b
mmu-miR-6988-5p,1420,12,2,0.444209275170277,0.796217496442517,Rnf157;Pa2g4
mmu-miR-1968-3p,1420,12,2,0.444209275170277,0.796217496442517,Kdm2a;Trim11
mmu-miR-193a-5p,1420,46,9,0.44629375896183,0.968487128917443,Traf3;Uqcrq;Nln;Rnf103;Mrps18c;Tmtc3;Scamp1;Alkbh3;Rap2a
mmu-miR-411-3p,1420,46,9,0.44629375896183,0.968487128917443,Bach2;Phf21a;Mrps18c;Fam133b;Ssh2;Emc3;Papolg;Capzb;Fam78b
mmu-miR-493-5p,1420,46,9,0.44629375896183,0.968487128917443,Tax1bp1;Sh2d3c;Nav2;Basp1;Cnot2;Baz2a;Pgk1;Rab5a;3110002H16Rik
mmu-miR-429-3p,1420,46,9,0.44629375896183,0.968487128917443,Ppp1r9b;Phf21a;Dnajb5;Rab37;Mrpl24;Supt20;Hmgb3;Ssh2;Suz12
mmu-miR-200c-3p,1420,46,9,0.44629375896183,0.968487128917443,Ppp1r9b;Phf21a;Dnajb5;Rab37;Mrpl24;Supt20;Hmgb3;Ssh2;Suz12
mmu-miR-200b-3p,1420,46,9,0.44629375896183,0.968487128917443,Ppp1r9b;Phf21a;Dnajb5;Rab37;Mrpl24;Supt20;Hmgb3;Ssh2;Suz12
mmu-miR-302a-5p,1420,17,3,0.454143948138988,0.853078815133062,Sell;Mdh2;D1Ertd622e
mmu-miR-874-5p,1420,17,3,0.454143948138988,0.853078815133062,Cnp;Stk40;Nhej1
mmu-miR-302b-5p,1420,17,3,0.454143948138988,0.853078815133062,Epc2;Stag2;Dyrk2
mmu-miR-302c-5p,1420,17,3,0.454143948138988,0.853078815133062,Epc2;Stag2;Dyrk2
mmu-miR-302d-5p,1420,17,3,0.454143948138988,0.853078815133062,Epc2;Stag2;Dyrk2
mmu-miR-6906-5p,1420,17,3,0.454143948138988,0.853078815133062,Ypel5;Dynll1;Nucb1
mmu-miR-378d,1420,22,4,0.460541188723713,0.884666775734616,Bmf;Mtx2;Akna;Ubqln4
mmu-miR-488-5p,1420,27,5,0.465127099118961,0.904766918972591,Fam208a;Slc2a1;Scml4;Ddx46;Riok3
mmu-miR-18a-3p,1420,27,5,0.465127099118961,0.904766918972591,Zfp644;Rnf103;Brd8;Mn1;Mat2a
mmu-miR-7069-3p,1420,27,5,0.465127099118961,0.904766918972591,Zfp644;Rnf103;Brd8;Mn1;Mat2a
mmu-miR-491-5p,1420,47,9,0.475756119313163,0.942818589921638,Marcks;Fam65a;Ier5;Taf10;Slc5a3;Trpm4;Tcf7;Msn;Pmf1
mmu-let-7d-5p,1420,47,9,0.475756119313163,0.942818589921638,Fbxl12;St6gal1;Ccr7;Arsi;Myo1f;Cd200r1;Arfgap2;Atpaf1;Coil
mmu-let-7e-5p,1420,47,9,0.475756119313163,0.942818589921638,Fbxl12;St6gal1;Ccr7;Arsi;Myo1f;Cd200r1;Arfgap2;Atpaf1;Coil
mmu-let-7a-5p,1420,47,9,0.475756119313163,0.942818589921638,Fbxl12;St6gal1;Ccr7;Arsi;Myo1f;Cd200r1;Arfgap2;Atpaf1;Coil
mmu-let-7b-5p,1420,47,9,0.475756119313163,0.942818589921638,Fbxl12;St6gal1;Ccr7;Arsi;Myo1f;Cd200r1;Arfgap2;Atpaf1;Coil
mmu-let-7c-5p,1420,47,9,0.475756119313163,0.942818589921638,Fbxl12;St6gal1;Ccr7;Arsi;Myo1f;Cd200r1;Arfgap2;Atpaf1;Coil
mmu-let-7k,1420,47,9,0.475756119313163,0.942818589921638,Fbxl12;St6gal1;Ccr7;Arsi;Myo1f;Cd200r1;Arfgap2;Atpaf1;Coil
mmu-let-7f-5p,1420,47,9,0.475756119313163,0.942818589921638,Fbxl12;St6gal1;Ccr7;Arsi;Myo1f;Cd200r1;Arfgap2;Atpaf1;Coil
mmu-let-7i-5p,1420,47,9,0.475756119313163,0.942818589921638,Fbxl12;St6gal1;Ccr7;Arsi;Myo1f;Cd200r1;Arfgap2;Atpaf1;Coil
mmu-let-7g-5p,1420,47,9,0.475756119313163,0.942818589921638,Fbxl12;St6gal1;Ccr7;Arsi;Myo1f;Cd200r1;Arfgap2;Atpaf1;Coil
mmu-miR-133b-3p,1420,47,9,0.475756119313163,0.942818589921638,Cnn2;Hsd17b11;Baz2a;Per1;P2rx4;Snrk;Cmpk1;Zc3h14;Aftph
mmu-miR-133a-3p.2,1420,47,9,0.475756119313163,0.942818589921638,Cnn2;Hsd17b11;Baz2a;Per1;P2rx4;Snrk;Cmpk1;Zc3h14;Aftph
mmu-miR-107-3p,1420,47,9,0.475756119313163,0.942818589921638,Bach2;Spats2l;Slamf1;Baz2a;9130401M01Rik;Scaf8;Snrk;Micall1;Suz12
mmu-miR-103-3p,1420,47,9,0.475756119313163,0.942818589921638,Bach2;Spats2l;Slamf1;Baz2a;9130401M01Rik;Scaf8;Snrk;Micall1;Suz12
mmu-miR-223-3p,1420,47,9,0.475756119313163,0.942818589921638,Dusp2;Pkp4;Scaf8;Pde4d;Papolg;Rnf34;Fbxo8;Calml4;Srpk2
mmu-miR-764-5p,1420,47,9,0.475756119313163,0.942818589921638,Insr;Bcl3;Txndc9;Aacs;Ptpre;Extl3;Cbll1;Nfe2l1;Fam78b
mmu-miR-6917-5p,1420,13,2,0.501056094077726,0.723716020235146,Mppe1;Zdhhc3
mmu-miR-8095,1420,13,2,0.501056094077726,0.723716020235146,Gltp;Acot13
mmu-miR-7064-5p,1420,13,2,0.501056094077726,0.723716020235146,Fmr1;Strbp
mmu-miR-92a-2-5p,1420,13,2,0.501056094077726,0.723716020235146,Bcl2l1;Ergic1
mmu-miR-672-5p,1420,13,2,0.501056094077726,0.723716020235146,Itgb3;Exoc5
mmu-miR-7235-3p,1420,18,3,0.502140674392814,0.796073708682013,Yaf2;Plcb2;Dbnl
mmu-miR-301a-5p,1420,18,3,0.502140674392814,0.796073708682013,Slc38a9;Traf3;Emc3
mmu-miR-6952-3p,1420,18,3,0.502140674392814,0.796073708682013,Slc38a9;Traf3;Emc3
mmu-miR-301b-5p,1420,18,3,0.502140674392814,0.796073708682013,Slc38a9;Traf3;Emc3
mmu-miR-126a-3p.1,1420,18,3,0.502140674392814,0.796073708682013,Slc7a5;Itga6;Spred1
mmu-miR-6954-5p,1420,23,4,0.502852609647569,0.837963168610448,Traf3;S100a10;Nfe2l1;Hs2st1
mmu-miR-326-5p,1420,23,4,0.502852609647569,0.837963168610448,Traf3;S100a10;Nfe2l1;Hs2st1
mmu-miR-486a-3p,1420,23,4,0.502852609647569,0.837963168610448,Traf3;S100a10;Nfe2l1;Hs2st1
mmu-miR-486b-3p,1420,23,4,0.502852609647569,0.837963168610448,Traf3;S100a10;Nfe2l1;Hs2st1
mmu-miR-98-5p,1420,48,9,0.504885535488043,0.918519334974938,Fbxl12;St6gal1;Ccr7;Arsi;Myo1f;Cd200r1;Arfgap2;Atpaf1;Coil
mmu-miR-182-5p,1420,48,9,0.504885535488043,0.918519334974938,Bach2;Ostm1;Pdia4;Map2k6;Ddx6;Ikzf1;Sp3;Pafah1b1;Paip2
mmu-miR-23a-3p,1420,48,9,0.504885535488043,0.918519334974938,Dusp5;Auh;Asah2;Zfp458;Pkp4;Ssh2;Rprd2;Npepps;Snrpc
mmu-miR-23b-3p,1420,48,9,0.504885535488043,0.918519334974938,Dusp5;Auh;Asah2;Zfp458;Pkp4;Ssh2;Rprd2;Npepps;Snrpc
mmu-miR-873a-5p.2,1420,48,9,0.504885535488043,0.918519334974938,Ndfip1;Usp15;Tbc1d15;Rora;Gmfb;Med28;Ccdc117;Fbxo11;Snapc1
mmu-miR-134-5p,1420,48,9,0.504885535488043,0.918519334974938,Dusp1;Trp53i11;Rnf103;1600012H06Rik;Zc3h12b;Lin7c;Patz1;Golm1;Ttc33
mmu-miR-33-5p,1420,48,9,0.504885535488043,0.918519334974938,Chn2;Setd7;Ick;Slc25a25;Snrk;Ncoa3;Crot;Rap2a;Sirt6
mmu-miR-532-5p,1420,48,9,0.504885535488043,0.918519334974938,Tax1bp1;Raver2;Map2k6;Pigm;Klf13;Dnmt3a;Pde4d;1810011O10Rik;Tap1
mmu-miR-375-3p,1420,48,9,0.504885535488043,0.918519334974938,Chsy1;Arl4c;Rgs16;Timm8a1;Pde4d;Ybx1;Senp2;Mmd;Ccdc117
mmu-miR-483-3p.1,1420,48,9,0.504885535488043,0.918519334974938,Dusp1;Polr3gl;Ddx6;Upf3b;Trim39;Pa2g4;Ggt7;Ctdspl2;Fosl2
mmu-miR-455-3p.1,1420,49,9,0.533543337706615,0.89538948033447,Nfkbid;Dnmt3a;Hn1;Tmem194b;Snx2;Phf7;Ndufa2;Ccdc117;Otub2
mmu-miR-153-3p,1420,49,9,0.533543337706615,0.89538948033447,Mdn1;Nav2;Map2k6;1600012H06Rik;Pkp4;Ddit4;Gmcl1;Fbxo8;Mknk2
mmu-miR-590-3p,1420,49,9,0.533543337706615,0.89538948033447,Cd8b1;Cd28;Dyrk1b;Dnajc28;Snrnp70;Avl9;Rnf34;Ddx46;Crot
mmu-miR-299a-3p,1420,49,9,0.533543337706615,0.89538948033447,Pou6f1;Abhd15;Chst2;Cnot2;Atn1;St13;March7;Gng2;Pmf1
mmu-miR-299b-3p,1420,49,9,0.533543337706615,0.89538948033447,Pou6f1;Abhd15;Chst2;Cnot2;Atn1;St13;March7;Gng2;Pmf1
mmu-miR-3085-3p,1420,44,8,0.534807436693957,0.884340073164521,Cd5;Txnip;Myo10;Phf21a;Cish;Zfand3;Tbl1x;Evi5l
mmu-miR-195a-3p,1420,44,8,0.534807436693957,0.884340073164521,Nme2;Bcor;Kit;Ptpn12;D1Ertd622e;Shank2;Zswim6;4921524J17Rik
mmu-miR-432,1420,29,5,0.54063146336548,0.829085529771199,Pou6f1;Plekha1;Strn3;Thumpd1;Smox
mmu-miR-759,1420,24,4,0.543794470367923,0.795929718175257,Chd7;Nme2;Traf3;A630033H20Rik
mmu-miR-291b-3p,1420,19,3,0.548179988457913,0.746193885400401,Arhgap24;Ube3a;Arhgap29
mmu-miR-6987-5p,1420,14,2,0.55475841643713,0.663297298354843,Abhd15;Usp48
mmu-miR-7049-3p,1420,14,2,0.55475841643713,0.663297298354843,Rab5b;Homer1
mmu-miR-199a-5p,1420,45,8,0.564347012030148,0.860289242998083,Chn2;Traf3;Zfp961;Arhgap12;Vps26a;Pde4d;Zfp579;Zmpste24
mmu-miR-497a-5p,1420,45,8,0.564347012030148,0.860289242998083,Aqp11;Gpr174;Usp15;Mob4;Rbm6;Snrk;Pafah1b1;Suz12
mmu-miR-338-3p,1420,45,8,0.564347012030148,0.860289242998083,Fmnl2;Zbtb18;Herpud2;Arpc1b;Tbc1d15;Zbtb10;Txn2;Snapc1
mmu-miR-494-3p,1420,45,8,0.564347012030148,0.860289242998083,Map2k6;Ppp1r21;Slc5a3;Zc3h12b;Prr14;Naa25;Cul4a;Suv420h1
mmu-miR-486a-5p,1420,45,8,0.564347012030148,0.860289242998083,Aff3;Pik3r1;Dynll1;Copg2;Rpl37a;Piga;Tmub2;Ccdc117
mmu-miR-486b-5p,1420,45,8,0.564347012030148,0.860289242998083,Aff3;Pik3r1;Dynll1;Copg2;Rpl37a;Piga;Tmub2;Ccdc117
mmu-miR-767,1420,9,1,0.5660527593264,0.497493554930927,Klf2
mmu-miR-298-5p,1420,30,5,0.576597398088855,0.79578552449672,Hvcn1;Ubxn7;Diexf;Layn;Lpp
mmu-miR-31-5p,1420,46,8,0.593062668181901,0.837504195455711,Bach2;Rab19;Ddx6;Htt;Ikzf1;Glul;Sh3bp1;Arfgap2
mmu-miR-1306-5p,1420,46,8,0.593062668181901,0.837504195455711,Ccnd3;Trmt61a;Tkt;Gnl1;Ppp1r9b;Cnot2;Dnmt3a;Ppp3cc
mmu-miR-140-5p,1420,46,8,0.593062668181901,0.837504195455711,Bcl2l1;Egr2;Ostm1;Snx2;Mmd;Smox;Aftph;Rgmb
mmu-miR-376b-3p,1420,46,8,0.593062668181901,0.837504195455711,Gramd3;Zbtb6;Krcc1;Hnrnpa0;Smek2;Brwd1;Scoc;Pdia6
mmu-miR-15a-5p,1420,46,8,0.593062668181901,0.837504195455711,Aqp11;Gpr174;Pdcd4;Usp15;Rbm6;Snrk;Pafah1b1;Suz12
mmu-miR-15b-5p,1420,46,8,0.593062668181901,0.837504195455711,Aqp11;Gpr174;Pdcd4;Usp15;Rbm6;Snrk;Pafah1b1;Suz12
mmu-miR-16-5p,1420,46,8,0.593062668181901,0.837504195455711,Aqp11;Gpr174;Tlk1;Usp15;Rbm6;Snrk;Pafah1b1;Suz12
mmu-miR-139-5p,1420,46,8,0.593062668181901,0.837504195455711,Atl2;Ndfip1;Traf3;Ssx2ip;Pde4d;Suv420h1;Rnf13;Srpk2
mmu-miR-1950,1420,15,2,0.604837993262303,0.612172947658439,Fmr1;Camk2g
mmu-miR-544-5p,1420,47,8,0.620845798177128,0.815887564980717,Themis;Dmwd;Plcl2;Rnf103;Pfn1;Sav1;Yipf4;Ep300
mmu-miR-18a-5p,1420,47,8,0.620845798177128,0.815887564980717,Inadl;Xylt2;Tax1bp1;Pnisr;Rabgap1;D1Ertd622e;Pde4d;Crebl2
mmu-miR-376c-3p,1420,47,8,0.620845798177128,0.815887564980717,Tspan2;Cers6;Arl6ip6;Sh2d1a;Pafah1b1;Rnf13;Ttc33;Lix1l
mmu-miR-367-5p,1420,10,1,0.6264924052624,0.442127453094459,Slc39a14
mmu-miR-1249-3p,1420,10,1,0.6264924052624,0.442127453094459,Gtf2a1
mmu-miR-6925-5p,1420,10,1,0.6264924052624,0.442127453094459,Ppargc1b
mmu-miR-7027-5p,1420,10,1,0.6264924052624,0.442127453094459,Agpat3
mmu-miR-7010-5p,1420,10,1,0.6264924052624,0.442127453094459,Agpat3
mmu-miR-7683-3p,1420,10,1,0.6264924052624,0.442127453094459,Agpat3
mmu-miR-1930-3p,1420,10,1,0.6264924052624,0.442127453094459,Mat2a
mmu-miR-143-5p,1420,10,1,0.6264924052624,0.442127453094459,Mat2a
mmu-miR-7215-3p,1420,10,1,0.6264924052624,0.442127453094459,Hlcs
mmu-miR-378b,1420,10,1,0.6264924052624,0.442127453094459,Fam129a
mmu-miR-1952,1420,10,1,0.6264924052624,0.442127453094459,Usp3
mmu-miR-34b-3p,1420,10,1,0.6264924052624,0.442127453094459,Sike1
mmu-miR-207,1420,10,1,0.6264924052624,0.442127453094459,Ergic2
mmu-miR-208a-5p,1420,42,7,0.627139130252335,0.795496525916414,Map4k5;Lonrf1;Zbtb20;Ap5m1;Cul4a;Suz12;Lpp
mmu-miR-184-5p,1420,21,3,0.632973267947108,0.663059774845997,Mllt6;Phf20l1;Setd2
mmu-miR-3089-5p,1420,21,3,0.632973267947108,0.663059774845997,Ssbp2;Csgalnact1;Stk4
mmu-miR-23b-5p,1420,32,5,0.643968213532841,0.736585144988831,Pde7a;Rsbn1;Sept7;Slc25a16;Nufip2
mmu-miR-330-5p,1420,48,8,0.647605858797687,0.795351720157797,Syk;Dynll1;Slc5a3;Mgat5;Ssh2;Cd247;Rpgr;Brpf3
mmu-miR-101b-3p.2,1420,48,8,0.647605858797687,0.795351720157797,Phf3;Pdcl;Rab5a;Rap1a;Pde4d;Pafah1b1;Papolg;Epc1
mmu-miR-101b-3p.1,1420,48,8,0.647605858797687,0.795351720157797,Phf3;Pdcl;Rab5a;Rap1a;Pde4d;Pafah1b1;Papolg;Epc1
mmu-miR-1251-5p,1420,48,8,0.647605858797687,0.795351720157797,Ccnd2;Etv5;Pepd;Tcta;D1Ertd622e;Qser1;Mn1;Gm9930
mmu-miR-93-3p,1420,48,8,0.647605858797687,0.795351720157797,Set;Zdhhc15;Sh2d2a;Slc5a3;Rbbp6;Chd1;Cltb;Sec62
mmu-miR-3110-5p,1420,16,2,0.651024371344313,0.568351323684472,Zfp846;Ar
mmu-miR-7213-5p,1420,16,2,0.651024371344313,0.568351323684472,Tgfb1;Alyref
mmu-miR-193b-5p,1420,16,2,0.651024371344313,0.568351323684472,Bcl6;Rora
mmu-miR-3473e,1420,22,3,0.671291507774529,0.628055388726307,Cd8b1;Tmem248;Rbbp4
mmu-miR-3473b,1420,22,3,0.671291507774529,0.628055388726307,Cd8b1;Tmem248;Rbbp4
mmu-miR-212-5p,1420,49,8,0.673269926043178,0.775817577577475,Stk38;Cnot2;Rcn1;Atg13;Fuca2;Cmpk2;Tceanc2;Ccdc117
mmu-miR-214-3p,1420,49,8,0.673269926043178,0.775817577577475,Bcl2l11;Rcsd1;Cnot2;Baz2a;Ndc1;Tmem248;Zfand3;Tmem161b
mmu-miR-6516-5p,1420,33,5,0.675107904301499,0.710156208967688,Ets2;Kctd2;Traf3;Sav1;Acadl
mmu-miR-26a-1-3p,1420,11,1,0.680169008329254,0.397848101522545,Mapk6
mmu-miR-485-5p,1420,44,7,0.681898622380046,0.752235192639627,Phf21a;Vps26a;Tcta;Ssh2;Arfgap2;Smagp;Evi5l
mmu-miR-1962,1420,44,7,0.681898622380046,0.752235192639627,Phf21a;Vps26a;Tcta;Ssh2;Arfgap2;Smagp;Evi5l
mmu-miR-144-5p,1420,17,2,0.69321303345974,0.530371924645666,Akirin1;Zswim6
mmu-miR-187-3p,1420,17,2,0.69321303345974,0.530371924645666,Bcl6;Dyrk2
mmu-miR-7006-5p,1420,17,2,0.69321303345974,0.530371924645666,Nim1k;Strbp
mmu-miR-199a-3p,1420,50,8,0.697781958499588,0.757213584857016,Tax1bp1;Tmsb4x;Dnmt3a;Slc5a3;Cd2ap;Naa25;Ddit4;Pex7
mmu-miR-199b-3p,1420,50,8,0.697781958499588,0.757213584857016,Tax1bp1;Tmsb4x;Dnmt3a;Slc5a3;Cd2ap;Naa25;Ddit4;Pex7
mmu-miR-219a-5p,1420,50,8,0.697781958499588,0.757213584857016,Zbtb18;Agpat3;Bbs4;Sav1;Pde4d;Snrk;Mknk2;Ubash3b
mmu-miR-99b-5p,1420,50,8,0.697781958499588,0.757213584857016,Trib1;Rmnd5a;Cep85;Raver2;Baz2a;Hs3st3b1;Taok1;Rsbn1l
mmu-miR-100-5p,1420,50,8,0.697781958499588,0.757213584857016,Trib1;Rmnd5a;Cep85;Raver2;Baz2a;Hs3st3b1;Taok1;Rsbn1l
mmu-miR-99a-5p,1420,50,8,0.697781958499588,0.757213584857016,Trib1;Rmnd5a;Cep85;Raver2;Baz2a;Hs3st3b1;Taok1;Rsbn1l
mmu-miR-9769-5p,1420,23,3,0.706752328432836,0.596551086972666,Cep170;Mdm4;Mios
mmu-miR-140-3p.1,1420,45,7,0.707315186780024,0.73231211424762,Ada;Lrrc59;Ggct;Maf1;Ndufb7;Arf5;Rap1b
mmu-miR-196b-5p,1420,45,7,0.707315186780024,0.73231211424762,Usp15;Spred1;Ssr1;Rcc2;Cpm;Papolg;Nme4
mmu-miR-196a-5p,1420,45,7,0.707315186780024,0.73231211424762,Usp15;Spred1;Ssr1;Rcc2;Cpm;Papolg;Nme4
mmu-miR-452-3p,1420,45,7,0.707315186780024,0.73231211424762,Gadd45b;Dynll1;Tspan3;Rasgef1b;Pgp;Paip2;Npepps
mmu-miR-296-5p,1420,45,7,0.707315186780024,0.73231211424762,Tgfb1;Setd2;Zfp319;Gmppb;Lypla2;Arpc4;Chchd4
mmu-miR-3064-5p,1420,45,7,0.707315186780024,0.73231211424762,Cd5;Txnip;Myo10;Phf21a;Zfand3;Tbl1x;Evi5l
mmu-miR-7011-3p,1420,12,1,0.727360954961049,0.361619061915145,Fam134b
mmu-miR-9768-3p,1420,12,1,0.727360954961049,0.361619061915145,Bri3bp
mmu-miR-6540-3p,1420,12,1,0.727360954961049,0.361619061915145,Dennd6a
mmu-miR-6999-5p,1420,12,1,0.727360954961049,0.361619061915145,Smc3
mmu-miR-7054-5p,1420,12,1,0.727360954961049,0.361619061915145,Smc3
mmu-miR-342-3p,1420,46,7,0.731368348590155,0.713410665329644,Stk17b;Tfdp2;Ep300;Txk;Mrfap1;Arfgap2;Fut8
mmu-miR-410-3p,1420,46,7,0.731368348590155,0.713410665329644,Cldn10;Rnf103;Rap1a;Stag2;Sfmbt2;Smad7;Vmp1
mmu-miR-195b,1420,46,7,0.731368348590155,0.713410665329644,Aqp11;Gpr174;Usp15;Rbm6;Snrk;Pafah1b1;Suz12
mmu-miR-322-5p,1420,46,7,0.731368348590155,0.713410665329644,Aqp11;Gpr174;Usp15;Rbm6;Snrk;Pafah1b1;Suz12
mmu-miR-195a-5p,1420,46,7,0.731368348590155,0.713410665329644,Aqp11;Gpr174;Usp15;Rbm6;Snrk;Pafah1b1;Suz12
mmu-miR-215-5p,1420,46,7,0.731368348590155,0.713410665329644,Olig3;Dnmt3a;Slc5a3;Pkp4;Ccnt2;Msn;Pdp1
mmu-miR-188-5p,1420,46,7,0.731368348590155,0.713410665329644,Cir1;Phf3;Rsrc2;Jarid2;Ccnt2;Tmem39a;Nhej1
mmu-miR-383-5p.2,1420,46,7,0.731368348590155,0.713410665329644,Msh6;Nmrk1;Nck2;Ddx6;Per1;Kifap3;Dock4
mmu-miR-379-5p,1420,46,7,0.731368348590155,0.713410665329644,Tbc1d15;Vps26a;Fam63b;Pcgf5;Ybx1;Elmod2;Ppil4
mmu-miR-300-5p,1420,18,2,0.731427505273125,0.497139391948933,Ubald1;Rtn4rl1
mmu-miR-5623-5p,1420,18,2,0.731427505273125,0.497139391948933,Ep300;Paip2
mmu-miR-7242-3p,1420,18,2,0.731427505273125,0.497139391948933,Ep300;Paip2
mmu-miR-184-3p,1420,24,3,0.739343900045819,0.568046865973424,Fbxo28;Tnrc6b;Prr14
mmu-miR-185-5p,1420,47,7,0.75403964098257,0.695454220745362,Anxa2;Ndrg1;Traf3;Phf7;Nhej1;Sgms1;Atpaf1
mmu-miR-542-3p,1420,47,7,0.75403964098257,0.695454220745362,Gpr174;Tax1bp1;Ypel5;Ube2e1;Mgat5;Lrrc59;Paip2
mmu-miR-433-3p,1420,47,7,0.75403964098257,0.695454220745362,Tctex1d1;Stk38;Cox18;Rap1a;Brwd1;Scoc;Tia1
mmu-miR-18b-5p,1420,47,7,0.75403964098257,0.695454220745362,Inadl;Xylt2;Tax1bp1;Pnisr;D1Ertd622e;Pde4d;Crebl2
mmu-miR-487b-3p,1420,19,2,0.765786414675977,0.467816103809544,Itga6;Nsmf
mmu-miR-698-5p,1420,13,1,0.768507293303472,0.331427811663916,Kctd2
mmu-miR-7078-5p,1420,13,1,0.768507293303472,0.331427811663916,Kctd2
mmu-miR-182-3p,1420,13,1,0.768507293303472,0.331427811663916,Fam107b
mmu-miR-326-3p,1420,48,7,0.775326397419547,0.678373631463252,Syk;Slc5a3;Mgat5;Ssh2;Cd247;Rpgr;Brpf3
mmu-miR-129-2-3p,1420,48,7,0.775326397419547,0.678373631463252,Trib1;Map2k6;Phf21a;Dnajb5;Usp25;Stt3b;Parp1
mmu-miR-328-3p,1420,48,7,0.775326397419547,0.678373631463252,Ulk2;Ppp1r9b;Cnot2;Slc7a6;Zc3h12b;Snrk;Crebl2
mmu-miR-101a-3p.2,1420,48,7,0.775326397419547,0.678373631463252,Pdcl;Rab5a;Rap1a;Pde4d;Pafah1b1;Papolg;Epc1
mmu-miR-290a-5p,1420,37,5,0.781322104810094,0.620957280449224,Lef1;Nanos1;Naa25;Smek1;Rer1
mmu-miR-149-5p,1420,43,6,0.788249439129725,0.644331922758046,Nav2;Cct3;Rab37;Bbs4;Rap1a;Rsbn1l
mmu-miR-350-3p,1420,49,7,0.795239855249082,0.66210633460491,Klhl24;Dennd6a;Tceb3;Strbp;Crot;Npepps;Ttc33
mmu-miR-874-3p,1420,49,7,0.795239855249082,0.66210633460491,Ptpn12;Phf21a;Ddx6;Upf3b;Ikbke;Nhej1;Tnik
mmu-miR-466e-5p,1420,14,1,0.804132106114529,0.305881067851791,Zfp846
mmu-miR-466p-5p,1420,14,1,0.804132106114529,0.305881067851791,Zfp846
mmu-miR-466a-5p,1420,14,1,0.804132106114529,0.305881067851791,Zfp846
mmu-miR-491-3p,1420,27,3,0.820563590864395,0.496784733924942,Cramp1l;Mgat2;Kcnb2
mmu-miR-615-5p,1420,21,2,0.823726171082343,0.418412552203556,Galnt6;Ggt7
mmu-miR-490-3p,1420,45,6,0.826985199182869,0.611076376054171,Bach2;Cldn10;Slc5a3;Nop10;Stag2;Ppp4r2
mmu-miR-1193-5p,1420,45,6,0.826985199182869,0.611076376054171,Tbc1d15;Vps26a;Fam63b;Pcgf5;Elmod2;Ppil4
mmu-miR-494-5p,1420,15,1,0.834792738861025,0.283983623789616,Setd7
mmu-miR-410-5p,1420,15,1,0.834792738861025,0.283983623789616,Setd7
mmu-miR-490-5p,1420,15,1,0.834792738861025,0.283983623789616,Znhit6
mmu-miR-6922-5p,1420,15,1,0.834792738861025,0.283983623789616,Usp3
mmu-miR-7008-5p,1420,15,1,0.834792738861025,0.283983623789616,Usp3
mmu-miR-6993-5p,1420,15,1,0.834792738861025,0.283983623789616,Usp3
mmu-miR-705,1420,15,1,0.834792738861025,0.283983623789616,Usp3
mmu-miR-6935-5p,1420,15,1,0.834792738861025,0.283983623789616,Usp3
mmu-miR-674-5p,1420,15,1,0.834792738861025,0.283983623789616,Plxna3
mmu-miR-450a-2-3p,1420,15,1,0.834792738861025,0.283983623789616,Serac1
mmu-miR-344d-3p,1420,46,6,0.844147198007203,0.59569555483503,Cldn10;Rnf103;Rap1a;Sfmbt2;Smad7;Vmp1
mmu-miR-344e-3p,1420,46,6,0.844147198007203,0.59569555483503,Cldn10;Rnf103;Rap1a;Stag2;Sfmbt2;Vmp1
mmu-miR-192-5p,1420,46,6,0.844147198007203,0.59569555483503,Olig3;Dnmt3a;Slc5a3;Pkp4;Ccnt2;Pdp1
mmu-miR-7229-3p,1420,35,4,0.859401152693164,0.512532593399368,Rap1a;Celf2;Rbm33;Tbr1
mmu-miR-455-5p,1420,47,6,0.859916020486513,0.581064933736718,Prep;Add3;Nck2;Brd1;Papolg;Suz12
mmu-miR-1839-5p,1420,16,1,0.861045362791984,0.26500565522476,Rcsd1
mmu-miR-423-3p,1420,16,1,0.861045362791984,0.26500565522476,Kctd2
mmu-miR-7231-3p,1420,16,1,0.861045362791984,0.26500565522476,Gtf2a1
mmu-miR-686,1420,16,1,0.861045362791984,0.26500565522476,Gtf2a1
mmu-miR-129-1-3p,1420,48,6,0.874358151254044,0.567130928541707,Map2k6;Phf21a;Dnajb5;Usp25;Stt3b;Parp1
mmu-miR-421-3p,1420,48,6,0.874358151254044,0.567130928541707,Bach2;Ndfip1;Spry1;Snrnp70;Ctdspl2;Suz12
mmu-miR-219a-2-3p,1420,48,6,0.874358151254044,0.567130928541707,Sesn3;Cnot2;Brwd1;Golph3l;Alg12;Lactb2
mmu-miR-493-3p,1420,48,6,0.874358151254044,0.567130928541707,Klf6;Psme3;Gigyf2;Tnfaip8;Pde4d;Aftph
mmu-miR-6391,1420,17,1,0.88342300670295,0.248399788388809,Son
mmu-miR-551b-5p,1420,49,6,0.887544533921538,0.55384493995239,Tbc1d15;Galnt7;Cyp51;Ctage5;Ank;Sec62
mmu-miR-292a-5p,1420,37,4,0.890596549150521,0.481302385877939,Nanos1;Suv420h1;Smek1;Rer1
mmu-miR-763,1420,44,5,0.900933104536751,0.508882806367601,Xbp1;Per1;Pnpla8;Pex19;Egln1
mmu-miR-374b-5p,1420,45,5,0.912309705360425,0.49607392894895,Map2k6;Bola3;Dnmt3a;Gadd45a;Hspa4
mmu-miR-488-3p,1420,46,5,0.922534081463408,0.483889796775675,Tbc1d15;Stag2;Pafah1b1;Fam49b;Creld2
mmu-miR-5622-5p,1420,27,2,0.929755027593304,0.31766254493141,Hipk2;Trit1
mmu-miR-325-3p,1420,47,5,0.931697700142954,0.472285789015047,Ppp1r21;Ddx6;Nkap;Mgat5;Scnn1a
mmu-miR-9-5p,1420,47,5,0.931697700142954,0.472285789015047,Traf3;Zfp266;Slc5a3;Sord;Emb
mmu-miR-361-5p,1420,47,5,0.931697700142954,0.472285789015047,Zbtb18;Rnf103;Dnmt3a;Scaf8;Atpaf1
mmu-miR-744-5p,1420,47,5,0.931697700142954,0.472285789015047,Phb2;Tgfb1;Nrgn;Junb;Rab14
mmu-miR-329-5p,1420,47,5,0.931697700142954,0.472285789015047,Prep;Mtx2;Usp3;Xxylt1;Parp1
mmu-miR-532-3p,1420,48,5,0.939889064269941,0.461221435548036,Cd82;Gnl1;Chfr;Tmem9b;Tmem97
mmu-miR-760-3p,1420,29,2,0.949230608786793,0.294029230576747,Txnip;Hibadh
mmu-miR-181c-5p,1420,37,3,0.956344088155638,0.350046974056898,Asah2;Ddit4;Npepps
mmu-miR-181b-5p,1420,37,3,0.956344088155638,0.350046974056898,Asah2;Ddit4;Npepps
mmu-miR-181d-5p,1420,37,3,0.956344088155638,0.350046974056898,Asah2;Ddit4;Npepps
mmu-miR-181a-5p,1420,37,3,0.956344088155638,0.350046974056898,Asah2;Ddit4;Npepps
mmu-miR-665-3p,1420,46,4,0.968054276303356,0.377554551643948,Ppp1r9b;Rab37;Lsp1;Adam15
mmu-miR-154-5p,1420,47,4,0.972382440131976,0.368709284345682,Abi1;Fam63b;Scaf8;Acp2
mmu-miR-205-5p,1420,50,4,0.982315052440388,0.344480793771634,Slamf1;Rtn3;Ddx6;Naa25
mmu-miR-378a-3p,1420,46,3,0.989539208189913,0.276343243877055,Zfp36l2;Rrp1b;Nfrkb
mmu-miR-378c,1420,46,3,0.989539208189913,0.276343243877055,Zfp36l2;Rrp1b;Nfrkb
mmu-miR-6918-5p,1420,30,1,0.989824861013355,0.136736014822827,Usp3
mmu-miR-509-3p,1420,6,1,1,1,Rnasel
mmu-miR-3090-5p,1420,8,4,1,1,Nme2;Taf1d;Rad21;Trpv2
mmu-miR-574-5p,1420,8,1,1,1,Rnf103
mmu-miR-6896-3p,1420,5,1,1,1,Cap2
mmu-miR-708-3p,1420,5,2,1,1,Rnf103;Syt14
mmu-miR-760-5p,1420,8,2,1,1,Fcho1;1810032O08Rik
mmu-miR-15b-3p,1420,7,1,1,1,Nfe2l1
mmu-miR-219b-5p,1420,7,3,1,1,Srek1;Rgs12;Fam20a
mmu-miR-879-5p,1420,8,2,1,1,Senp2;Crot
mmu-miR-6907-5p,1420,1,0,1,1,
mmu-miR-7019-5p,1420,1,0,1,1,
mmu-miR-669d-5p,1420,1,0,1,1,
mmu-miR-6910-3p,1420,5,0,1,1,
mmu-miR-152-5p,1420,1,0,1,1,
mmu-miR-3095-3p,1420,1,0,1,1,
mmu-miR-669k-5p,1420,1,0,1,1,
mmu-miR-7004-3p,1420,1,0,1,1,
mmu-miR-3093-3p,1420,4,0,1,1,
mmu-miR-6992-5p,1420,7,3,1,1,Carm1;Mrto4;Ip6k1
mmu-miR-6939-5p,1420,5,2,1,1,Hs3st3b1;Yaf2
mmu-miR-880-5p,1420,8,1,1,1,Tceb3
mmu-miR-6900-5p,1420,3,2,1,1,Arf5;Hspbap1
mmu-miR-7022-5p,1420,1,0,1,1,
mmu-miR-298-3p,1420,1,0,1,1,
mmu-miR-5133,1420,7,1,1,1,Appl1
mmu-miR-125a-3p,1420,13,0,1,1,
mmu-miR-582-3p,1420,2,0,1,1,
mmu-miR-5107-3p,1420,2,0,1,1,
mmu-miR-7086-5p,1420,2,0,1,1,
mmu-miR-6940-5p,1420,4,2,1,1,Acp2;Rpp40
mmu-miR-762,1420,4,2,1,1,Acp2;Rpp40
mmu-miR-7648-3p,1420,4,2,1,1,Acp2;Rpp40
mmu-miR-3620-5p,1420,3,2,1,1,Grap2;Acp2
mmu-miR-134-3p,1420,3,2,1,1,Grap2;Acp2
mmu-miR-7012-3p,1420,1,0,1,1,
mmu-miR-802-3p,1420,1,0,1,1,
mmu-miR-380-3p,1420,4,2,1,1,Apbb1ip;Tceb3
mmu-miR-421-5p,1420,1,0,1,1,
mmu-miR-669c-3p,1420,4,0,1,1,
mmu-miR-300-3p,1420,1,0,1,1,
mmu-miR-6356,1420,2,0,1,1,
mmu-miR-5113,1420,2,2,1,1,Acvrl1;Snapc1
mmu-miR-210-5p,1420,11,0,1,1,
mmu-miR-6989-5p,1420,7,1,1,1,Tax1bp1
mmu-miR-5627-5p,1420,7,3,1,1,Tmem234;Nfam1;Vmp1
mmu-miR-7042-3p,1420,1,0,1,1,
mmu-miR-881-5p,1420,1,0,1,1,
mmu-miR-7663-3p,1420,5,1,1,1,Ssr1
mmu-miR-216c-5p,1420,2,0,1,1,
mmu-miR-27a-5p,1420,10,0,1,1,
mmu-miR-7659-3p,1420,3,0,1,1,
mmu-miR-223-5p,1420,8,2,1,1,Cyba;Cyp51
mmu-miR-6905-3p,1420,1,0,1,1,
mmu-miR-3547-5p,1420,8,2,1,1,Ywhaq;Fam78b
mmu-miR-6404,1420,8,2,1,1,Ywhaq;Fam78b
mmu-miR-6405,1420,8,2,1,1,Ywhaq;Fam78b
mmu-miR-6368,1420,8,2,1,1,Ywhaq;Fam78b
mmu-miR-7115-3p,1420,2,2,1,1,Adsl;Lsp1
mmu-miR-18b-3p,1420,6,2,1,1,Ulk2;Adsl
mmu-miR-6920-3p,1420,6,2,1,1,Ulk2;Adsl
mmu-miR-6945-5p,1420,2,0,1,1,
mmu-miR-3474,1420,2,0,1,1,
mmu-miR-7051-3p,1420,8,3,1,1,Ift57;Ier2;Bloc1s5
mmu-miR-7024-3p,1420,2,0,1,1,
mmu-miR-883a-5p,1420,1,0,1,1,
mmu-miR-3083-5p,1420,6,2,1,1,Aftph;Ubr5
mmu-miR-468-5p,1420,6,2,1,1,Sass6;BC005537
mmu-miR-7029-3p,1420,7,2,1,1,Ahcyl2;Rap1b
mmu-miR-194-2-3p,1420,7,3,1,1,Csk;Senp2;Arhgef2
mmu-miR-6926-5p,1420,7,3,1,1,Csk;Senp2;Arhgef2
mmu-miR-7055-5p,1420,7,3,1,1,Csk;Senp2;Arhgef2
mmu-miR-346-3p,1420,2,0,1,1,
mmu-miR-5627-3p,1420,5,3,1,1,Bzw2;Polr2f;Tardbp
mmu-miR-3547-3p,1420,10,0,1,1,
mmu-miR-466n-3p,1420,2,0,1,1,
mmu-miR-1224-3p,1420,6,1,1,1,Alyref
mmu-miR-3062-3p,1420,2,0,1,1,
mmu-miR-7000-5p,1420,2,0,1,1,
mmu-miR-7088-3p,1420,2,0,1,1,
mmu-miR-466k,1420,5,0,1,1,
mmu-miR-466d-5p,1420,5,0,1,1,
mmu-miR-185-3p,1420,1,0,1,1,
mmu-miR-7048-5p,1420,1,0,1,1,
mmu-miR-7030-3p,1420,1,0,1,1,
mmu-miR-1955-5p,1420,8,0,1,1,
mmu-miR-3057-3p,1420,2,1,1,1,Ank
mmu-miR-324-3p,1420,7,1,1,1,Arhgef2
mmu-miR-127-5p,1420,8,3,1,1,Tubb2b;Cct6a;Fbxw8
mmu-miR-6955-3p,1420,8,4,1,1,Ccnd2;Cir1;Nfya;BC005537
mmu-miR-3061-5p,1420,2,2,1,1,Tsen54;Ap2a2
mmu-miR-5107-5p,1420,2,1,1,1,Ap2a2
mmu-miR-3968,1420,1,0,1,1,
mmu-miR-1247-5p,1420,2,0,1,1,
mmu-miR-6911-5p,1420,7,2,1,1,Tab2;Nfia
mmu-miR-7079-5p,1420,7,2,1,1,Tab2;Nfia
mmu-miR-7662-5p,1420,7,2,1,1,Tab2;Nfia
mmu-miR-7028-5p,1420,7,2,1,1,Tab2;Nfia
mmu-miR-7216-5p,1420,1,0,1,1,
mmu-miR-7014-5p,1420,1,0,1,1,
mmu-miR-3063-5p,1420,1,0,1,1,
mmu-miR-6408,1420,1,0,1,1,
mmu-miR-7656-3p,1420,7,0,1,1,
mmu-miR-7005-5p,1420,2,1,1,1,Wdr77
mmu-miR-6975-5p,1420,2,1,1,1,Wdr77
mmu-miR-8108,1420,2,1,1,1,Wdr77
mmu-miR-7237-5p,1420,4,2,1,1,Nck2;Arhgap11a
mmu-miR-7053-5p,1420,9,0,1,1,
mmu-miR-3092-5p,1420,9,0,1,1,
mmu-miR-7053-3p,1420,7,1,1,1,Pten
mmu-miR-344i,1420,7,2,1,1,Spata13;Asxl3
mmu-miR-7212-5p,1420,1,0,1,1,
mmu-miR-7117-5p,1420,1,0,1,1,
mmu-miR-3063-3p,1420,6,1,1,1,Polr3d
mmu-miR-6951-3p,1420,6,0,1,1,
mmu-miR-7116-3p,1420,6,0,1,1,
mmu-miR-3970,1420,1,0,1,1,
mmu-miR-7243-5p,1420,2,0,1,1,
mmu-miR-6516-3p,1420,5,1,1,1,Atg13
mmu-miR-3472,1420,5,2,1,1,Dnmt3a;Atg7
mmu-miR-743a-3p,1420,1,0,1,1,
mmu-miR-743b-3p,1420,1,0,1,1,
mmu-miR-203-5p,1420,3,1,1,1,Colq
mmu-miR-3962,1420,2,0,1,1,
mmu-miR-7674-5p,1420,1,0,1,1,
mmu-miR-6903-3p,1420,3,0,1,1,
mmu-miR-6956-5p,1420,1,0,1,1,
mmu-miR-3084-5p,1420,2,0,1,1,
mmu-miR-7080-5p,1420,1,0,1,1,
mmu-miR-3069-3p,1420,2,0,1,1,
mmu-miR-6769b-5p,1420,8,3,1,1,Smg1;Bbx;Pcnx
mmu-miR-25-5p,1420,2,0,1,1,
mmu-miR-6928-3p,1420,1,0,1,1,
mmu-miR-6942-5p,1420,1,0,1,1,
mmu-miR-6916-5p,1420,1,0,1,1,
mmu-miR-320-5p,1420,2,0,1,1,
mmu-miR-1896,1420,7,2,1,1,Pan3;Ddx3x
mmu-miR-3569-3p,1420,2,2,1,1,Fam60a;Bnip3
mmu-miR-6961-3p,1420,1,1,1,1,Bora
mmu-miR-200c-5p,1420,6,1,1,1,Brd7
mmu-miR-6998-3p,1420,7,3,1,1,Lrrc1;Diexf;Hmgb2
mmu-miR-323-5p,1420,7,1,1,1,Rbbp4
mmu-miR-8118,1420,2,0,1,1,
mmu-miR-7687-5p,1420,1,0,1,1,
mmu-miR-7685-3p,1420,6,1,1,1,Nfat5
mmu-miR-495-5p,1420,7,0,1,1,
mmu-miR-449a-3p,1420,8,4,1,1,Rsbn1l;Mib1;Scaf11;Tmub2
mmu-miR-6986-3p,1420,3,1,1,1,Cap2
mmu-miR-7034-3p,1420,1,1,1,1,Cap2
mmu-miR-6898-3p,1420,7,3,1,1,Dnmt3a;Nr2c2;Cask
mmu-miR-673-3p,1420,1,0,1,1,
mmu-miR-1894-5p,1420,8,2,1,1,Cul4a;Msn
mmu-miR-7084-5p,1420,1,0,1,1,
mmu-miR-7658-3p,1420,1,0,1,1,
mmu-miR-224-3p,1420,5,1,1,1,Rbbp6
mmu-miR-6981-5p,1420,7,1,1,1,Ipo5
mmu-miR-6978-3p,1420,2,0,1,1,
mmu-miR-365-2-5p,1420,8,2,1,1,Kdm5a;Mrrf
mmu-miR-365-1-5p,1420,8,2,1,1,Kdm5a;Mrrf
mmu-miR-222-5p,1420,2,0,1,1,
mmu-miR-6398,1420,1,1,1,1,Ccdc59
mmu-miR-23a-5p,1420,4,1,1,1,Cnnm3
mmu-miR-7119-3p,1420,2,0,1,1,
mmu-miR-30b-3p,1420,8,2,1,1,Ushbp1;Ppp6r3
mmu-miR-7069-5p,1420,5,1,1,1,Ube3a
mmu-miR-3154,1420,6,0,1,1,
mmu-miR-101b-5p,1420,1,1,1,1,Cd46
mmu-miR-29c-5p,1420,2,1,1,1,Cd46
mmu-miR-7025-5p,1420,8,3,1,1,Mrrf;Ppfibp1;E2f3
mmu-miR-7220-5p,1420,8,3,1,1,Mrrf;Ppfibp1;E2f3
mmu-miR-669o-3p,1420,1,0,1,1,
mmu-miR-669a-3p,1420,1,0,1,1,
mmu-miR-669a-3-3p,1420,1,0,1,1,
mmu-miR-6990-5p,1420,1,0,1,1,
mmu-miR-7032-5p,1420,1,0,1,1,
mmu-miR-669p-5p,1420,5,2,1,1,Lrrc57;Nxph1
mmu-miR-669l-5p,1420,5,2,1,1,Lrrc57;Nxph1
mmu-miR-669f-5p,1420,5,2,1,1,Lrrc57;Nxph1
mmu-miR-669a-5p,1420,5,2,1,1,Lrrc57;Nxph1
mmu-miR-598-5p,1420,1,0,1,1,
mmu-miR-297b-5p,1420,8,1,1,1,Mrps18c
mmu-miR-297a-5p,1420,8,1,1,1,Mrps18c
mmu-miR-297c-5p,1420,8,1,1,1,Mrps18c
mmu-miR-325-5p,1420,8,2,1,1,Dyrk1b;Tmem206
mmu-miR-8092,1420,5,1,1,1,Celf2
mmu-miR-6968-5p,1420,8,0,1,1,
mmu-miR-3966,1420,7,2,1,1,Slc7a11;Cfl2
mmu-miR-3088-3p,1420,2,0,1,1,
mmu-miR-7043-5p,1420,1,0,1,1,
mmu-miR-509-5p,1420,3,1,1,1,Nfe2l1
mmu-miR-7072-5p,1420,1,0,1,1,
mmu-miR-7016-3p,1420,3,0,1,1,
mmu-miR-466c-3p,1420,3,1,1,1,Pank3
mmu-miR-466b-3p,1420,3,1,1,1,Pank3
mmu-miR-466p-3p,1420,3,1,1,1,Pank3
mmu-miR-3102-3p.2-3p,1420,1,0,1,1,
mmu-miR-6971-5p,1420,1,0,1,1,
mmu-miR-878-3p,1420,0,0,1,1,
mmu-miR-339-3p,1420,2,0,1,1,
mmu-miR-6360,1420,3,0,1,1,
mmu-miR-7668-5p,1420,1,1,1,1,Clpb
mmu-miR-6362,1420,1,1,1,1,Clpb
mmu-miR-6943-3p,1420,1,1,1,1,Cmpk2
mmu-miR-8096,1420,4,0,1,1,
mmu-miR-6980-5p,1420,2,1,1,1,Slamf1
mmu-miR-7020-5p,1420,7,0,1,1,
mmu-miR-3078-3p,1420,5,1,1,1,Mrpl36
mmu-miR-7657-3p,1420,2,0,1,1,
mmu-miR-7231-5p,1420,13,0,1,1,
mmu-miR-5710,1420,7,0,1,1,
mmu-miR-1258-3p,1420,1,1,1,1,Cox5a
mmu-miR-6949-3p,1420,1,1,1,1,Cox5a
mmu-miR-8100,1420,1,1,1,1,Cox5a
mmu-miR-7060-5p,1420,5,0,1,1,
mmu-miR-6927-3p,1420,3,0,1,1,
mmu-miR-6945-3p,1420,3,0,1,1,
mmu-miR-6927-5p,1420,6,2,1,1,Srpk1;Mknk1
mmu-miR-7070-5p,1420,6,2,1,1,Srpk1;Mknk1
mmu-miR-1943-5p,1420,8,0,1,1,
mmu-miR-670-5p,1420,1,0,1,1,
mmu-miR-3535,1420,1,0,1,1,
mmu-miR-485-3p,1420,3,0,1,1,
mmu-miR-551b-3p,1420,7,1,1,1,Nhej1
mmu-miR-7050-3p,1420,1,1,1,1,Ctr9
mmu-miR-5125,1420,3,2,1,1,Pcnx;Mtmr6
mmu-miR-6931-5p,1420,1,0,1,1,
mmu-miR-1934-5p,1420,1,0,1,1,
mmu-miR-467b-5p,1420,1,0,1,1,
mmu-miR-7236-5p,1420,1,0,1,1,
mmu-miR-1943-3p,1420,1,0,1,1,
mmu-miR-511-3p,1420,7,2,1,1,Cyba;Nxph1
mmu-miR-8103,1420,2,0,1,1,
mmu-miR-6962-3p,1420,2,0,1,1,
mmu-miR-1953,1420,2,1,1,1,Stk4
mmu-miR-466f-5p,1420,2,0,1,1,
mmu-miR-147-5p,1420,2,0,1,1,
mmu-miR-3470b,1420,7,2,1,1,Mios;Zfyve26
mmu-miR-6930-5p,1420,2,0,1,1,
mmu-miR-6962-5p,1420,1,0,1,1,
mmu-miR-466i-3p,1420,1,0,1,1,
mmu-miR-6959-5p,1420,2,1,1,1,Traf6
mmu-miR-7084-3p,1420,6,0,1,1,
mmu-miR-369-5p,1420,1,0,1,1,
mmu-miR-412-5p,1420,2,1,1,1,Xpo1
mmu-miR-7224-5p,1420,1,0,1,1,
mmu-miR-764-3p,1420,4,0,1,1,
mmu-miR-9768-5p,1420,8,3,1,1,Zfp827;Tmsb4x;Pmepa1
mmu-miR-1247-3p,1420,1,0,1,1,
mmu-miR-6420,1420,4,0,1,1,
mmu-miR-6417,1420,1,0,1,1,
mmu-miR-5108,1420,5,1,1,1,Dpysl2
mmu-miR-3620-3p,1420,3,1,1,1,Dyrk1a
mmu-miR-6944-3p,1420,1,1,1,1,Dyrk1a
mmu-miR-7064-3p,1420,3,1,1,1,Dyrk1b
mmu-miR-7094-3p,1420,2,0,1,1,
mmu-miR-7093-5p,1420,1,0,1,1,
mmu-miR-8104,1420,1,0,1,1,
mmu-miR-6960-5p,1420,1,0,1,1,
mmu-miR-6987-3p,1420,5,1,1,1,Ick
mmu-miR-6982-5p,1420,9,0,1,1,
mmu-miR-6908-3p,1420,3,1,1,1,Ypel2
mmu-miR-101c,1420,2,0,1,1,
mmu-miR-6991-3p,1420,5,1,1,1,Tkt
mmu-miR-547-5p,1420,5,2,1,1,March7;Ino80c
mmu-miR-3072-5p,1420,5,0,1,1,
mmu-miR-7052-5p,1420,6,0,1,1,
mmu-miR-7023-5p,1420,4,2,1,1,Slc7a11;Ercc4
mmu-miR-7024-5p,1420,4,2,1,1,Slc7a11;Ercc4
mmu-miR-6941-5p,1420,4,2,1,1,Slc7a11;Ercc4
mmu-miR-7119-5p,1420,4,2,1,1,Slc7a11;Ercc4
mmu-miR-466n-5p,1420,2,2,1,1,Mettl1;Ercc4
mmu-miR-6934-5p,1420,6,1,1,1,Rap1b
mmu-miR-186-3p,1420,1,0,1,1,
mmu-miR-1967,1420,1,1,1,1,Fam134b
mmu-miR-376a-5p,1420,3,1,1,1,Fam60a
mmu-miR-1942,1420,4,1,1,1,Fam76b
mmu-miR-7044-3p,1420,9,0,1,1,
mmu-miR-7009-5p,1420,1,0,1,1,
mmu-miR-5709-5p,1420,1,0,1,1,
mmu-miR-511-5p,1420,1,0,1,1,
mmu-miR-6957-5p,1420,2,0,1,1,
mmu-miR-344f-3p,1420,3,0,1,1,
mmu-miR-211-3p,1420,2,0,1,1,
mmu-miR-5101,1420,2,0,1,1,
mmu-miR-6953-5p,1420,1,0,1,1,
mmu-miR-3100-5p,1420,4,1,1,1,Phf6
mmu-miR-1199-3p,1420,2,0,1,1,
mmu-miR-8119,1420,1,0,1,1,
mmu-miR-7012-5p,1420,1,0,1,1,
mmu-miR-7057-5p,1420,1,0,1,1,
mmu-miR-8113,1420,1,0,1,1,
mmu-miR-7650-3p,1420,8,3,1,1,Ranbp1;Rgs19;Paip2
mmu-miR-7652-3p,1420,2,0,1,1,
mmu-miR-7688-3p,1420,2,0,1,1,
mmu-miR-7073-5p,1420,1,0,1,1,
mmu-miR-3072-3p,1420,7,2,1,1,Ndfip1;Slc25a27
mmu-miR-465c-5p,1420,1,0,1,1,
mmu-miR-465a-5p,1420,1,0,1,1,
mmu-miR-1249-5p,1420,1,0,1,1,
mmu-miR-1298-3p,1420,1,0,1,1,
mmu-miR-7654-3p,1420,1,0,1,1,
mmu-miR-7054-3p,1420,1,1,1,1,Fxr1
mmu-miR-6373,1420,4,1,1,1,Tfrc
mmu-miR-6418-5p,1420,1,1,1,1,G3bp1
mmu-miR-7019-3p,1420,1,0,1,1,
mmu-miR-6976-3p,1420,1,0,1,1,
mmu-miR-3075-3p,1420,2,0,1,1,
mmu-miR-1938,1420,1,0,1,1,
mmu-miR-871-3p,1420,2,0,1,1,
mmu-miR-6946-3p,1420,2,0,1,1,
mmu-miR-669e-3p,1420,2,0,1,1,
mmu-miR-6933-3p,1420,2,0,1,1,
mmu-miR-7074-3p,1420,1,0,1,1,
mmu-miR-335-3p,1420,1,0,1,1,
mmu-miR-6336,1420,1,0,1,1,
mmu-miR-6991-5p,1420,7,1,1,1,Rap1a
mmu-miR-6397,1420,1,1,1,1,Rab8b
mmu-miR-7060-3p,1420,1,0,1,1,
mmu-miR-471-3p,1420,7,0,1,1,
mmu-miR-6981-3p,1420,1,0,1,1,
mmu-miR-7011-5p,1420,1,0,1,1,
mmu-miR-7018-5p,1420,1,0,1,1,
mmu-miR-1958,1420,1,0,1,1,
mmu-miR-196a-1-3p,1420,1,0,1,1,
mmu-miR-677-3p,1420,2,0,1,1,
mmu-miR-6946-5p,1420,1,0,1,1,
mmu-miR-7085-5p,1420,2,0,1,1,
mmu-miR-7062-5p,1420,1,0,1,1,
mmu-miR-652-5p,1420,2,0,1,1,
mmu-miR-7118-3p,1420,4,0,1,1,
mmu-miR-450b-5p,1420,2,0,1,1,
mmu-miR-7681-3p,1420,1,0,1,1,
mmu-miR-7085-3p,1420,1,1,1,1,Hbs1l
mmu-miR-6998-5p,1420,1,0,1,1,
mmu-miR-450b-3p,1420,1,0,1,1,
mmu-miR-450a-1-3p,1420,1,0,1,1,
mmu-miR-693-5p,1420,1,0,1,1,
mmu-miR-1956,1420,0,0,1,1,
mmu-miR-3060-5p,1420,1,0,1,1,
mmu-miR-6897-3p,1420,2,0,1,1,
mmu-miR-5106,1420,2,0,1,1,
mmu-miR-1197-5p,1420,1,0,1,1,
mmu-miR-758-5p,1420,1,0,1,1,
mmu-miR-361-3p,1420,4,1,1,1,Idh2
mmu-miR-3087-5p,1420,5,1,1,1,Mrpl11
mmu-miR-3101-3p,1420,1,1,1,1,Hspbap1
mmu-miR-6974-5p,1420,1,1,1,1,Hspbap1
mmu-miR-7009-3p,1420,1,0,1,1,
mmu-miR-1231-3p,1420,1,0,1,1,
mmu-miR-344g-3p,1420,3,1,1,1,Kdm2b
mmu-miR-6348,1420,3,1,1,1,Spata13
mmu-miR-1843a-5p,1420,3,1,1,1,Itga4
mmu-miR-3106-3p,1420,1,0,1,1,
mmu-miR-3097-5p,1420,1,1,1,1,Kdm5a
mmu-miR-6980-3p,1420,2,0,1,1,
mmu-miR-3112-3p,1420,1,0,1,1,
mmu-miR-6403,1420,2,0,1,1,
mmu-miR-5621-3p,1420,1,0,1,1,
mmu-miR-3070-3p,1420,1,1,1,1,Klhdc2
mmu-miR-3070-2-3p,1420,1,1,1,1,Klhdc2
mmu-miR-5123,1420,1,1,1,1,Klhl24
mmu-miR-1929-3p,1420,1,1,1,1,Ktn1
mmu-miR-466j,1420,1,1,1,1,Ktn1
mmu-miR-466m-5p,1420,1,1,1,1,Ktn1
mmu-miR-466h-5p,1420,1,1,1,1,Ktn1
mmu-miR-669m-5p,1420,1,1,1,1,Ktn1
mmu-miR-6929-5p,1420,1,0,1,1,
mmu-miR-7222-3p,1420,1,0,1,1,
mmu-miR-7672-3p,1420,1,0,1,1,
mmu-miR-7664-3p,1420,1,0,1,1,
mmu-miR-466l-5p,1420,1,0,1,1,
mmu-miR-703,1420,1,0,1,1,
mmu-miR-7094-1-5p,1420,1,0,1,1,
mmu-miR-7048-3p,1420,1,0,1,1,
mmu-miR-7077-3p,1420,1,0,1,1,
mmu-miR-6416-3p,1420,1,0,1,1,
mmu-miR-7685-5p,1420,1,0,1,1,
mmu-miR-7013-3p,1420,1,0,1,1,
mmu-miR-7002-5p,1420,2,0,1,1,
mmu-miR-7671-5p,1420,1,0,1,1,
mmu-miR-328-5p,1420,2,1,1,1,Luc7l3
mmu-miR-6897-5p,1420,2,1,1,1,Luc7l3
mmu-miR-201-5p,1420,3,1,1,1,Rev3l
mmu-miR-8114,1420,2,2,1,1,Map2k6;Mdh2
mmu-miR-376a-3p,1420,1,0,1,1,
mmu-miR-3544-3p,1420,1,1,1,1,Mdh2
mmu-miR-6961-5p,1420,1,1,1,1,Med11
mmu-miR-7059-5p,1420,1,0,1,1,
mmu-miR-7226-3p,1420,1,1,1,1,Mettl1
mmu-miR-1981-5p,1420,1,0,1,1,
mmu-miR-598-3p,1420,1,0,1,1,
mmu-miR-7647-5p,1420,1,0,1,1,
mmu-miR-6923-5p,1420,1,0,1,1,
mmu-miR-218-2-3p,1420,3,0,1,1,
mmu-miR-378a-5p,1420,3,1,1,1,Mplkip
mmu-miR-804,1420,1,1,1,1,Mrpl36
mmu-miR-5709-3p,1420,2,1,1,1,Mrpl4
mmu-miR-7081-3p,1420,2,2,1,1,Psme3;Mtmr6
mmu-miR-342-5p,1420,3,0,1,1,
mmu-miR-1902,1420,4,0,1,1,
mmu-miR-463-3p,1420,1,0,1,1,
mmu-miR-6899-3p,1420,1,0,1,1,
mmu-miR-7238-3p,1420,1,0,1,1,
mmu-miR-7678-3p,1420,2,0,1,1,
mmu-miR-466l-3p,1420,1,0,1,1,
mmu-miR-667-3p,1420,2,1,1,1,Pank3
mmu-miR-3075-5p,1420,1,0,1,1,
mmu-miR-7077-5p,1420,2,1,1,1,Sqrdl
mmu-miR-6340,1420,1,0,1,1,
mmu-miR-6337,1420,2,0,1,1,
mmu-miR-122-3p,1420,1,1,1,1,Npepps
mmu-miR-694,1420,1,0,1,1,
mmu-miR-692,1420,1,1,1,1,Nqo2
mmu-miR-7667-3p,1420,1,0,1,1,
mmu-miR-192-3p,1420,1,0,1,1,
mmu-miR-7211-5p,1420,1,1,1,1,Nufip1
mmu-miR-132-5p,1420,2,0,1,1,
mmu-miR-7652-5p,1420,1,0,1,1,
mmu-miR-7066-5p,1420,1,0,1,1,
mmu-miR-5135,1420,1,1,1,1,Pank3
mmu-miR-3618-3p,1420,2,1,1,1,Pank3
mmu-miR-7067-5p,1420,2,1,1,1,Pank3
mmu-miR-3105-3p,1420,1,0,1,1,
mmu-miR-7078-3p,1420,1,0,1,1,
mmu-miR-8098,1420,1,0,1,1,
mmu-miR-3569-5p,1420,1,0,1,1,
mmu-miR-7065-5p,1420,1,0,1,1,
mmu-miR-7092-5p,1420,1,0,1,1,
mmu-miR-7033-5p,1420,1,0,1,1,
mmu-miR-5098,1420,1,0,1,1,
mmu-miR-6372,1420,1,1,1,1,Per1
mmu-miR-5124a,1420,1,0,1,1,
mmu-miR-7038-5p,1420,1,0,1,1,
mmu-miR-672-3p,1420,1,0,1,1,
mmu-miR-5615-3p,1420,1,0,1,1,
mmu-miR-5623-3p,1420,1,0,1,1,
mmu-miR-3475-5p,1420,1,0,1,1,
mmu-miR-96-3p,1420,1,0,1,1,
mmu-miR-669h-3p,1420,2,1,1,1,Tfrc
mmu-miR-669k-3p,1420,2,1,1,1,Tfrc
mmu-miR-7081-5p,1420,1,0,1,1,
mmu-miR-5110,1420,1,0,1,1,
mmu-miR-6957-3p,1420,1,1,1,1,Plxna3
mmu-miR-7647-3p,1420,1,0,1,1,
mmu-miR-712-5p,1420,2,0,1,1,
mmu-miR-128-2-5p,1420,2,1,1,1,Polr2f
mmu-miR-128-1-5p,1420,2,1,1,1,Polr2f
mmu-miR-7661-5p,1420,2,0,1,1,
mmu-miR-7649-5p,1420,1,0,1,1,
mmu-miR-216b-3p,1420,2,0,1,1,
mmu-let-7g-3p,1420,1,0,1,1,
mmu-miR-344d-3-5p,1420,1,0,1,1,
mmu-miR-344-5p,1420,1,0,1,1,
mmu-miR-344b-5p,1420,1,0,1,1,
mmu-miR-344g-5p,1420,1,0,1,1,
mmu-miR-3109-5p,1420,1,0,1,1,
mmu-miR-1946a,1420,1,1,1,1,Prdx2
mmu-miR-7042-5p,1420,1,0,1,1,
mmu-miR-3058-5p,1420,2,0,1,1,
mmu-miR-6903-5p,1420,1,0,1,1,
mmu-miR-3572-5p,1420,4,0,1,1,
mmu-miR-707,1420,2,2,1,1,Psme3;Rbbp4
mmu-miR-7061-5p,1420,1,0,1,1,
mmu-miR-7030-5p,1420,1,0,1,1,
mmu-miR-7075-5p,1420,1,0,1,1,
mmu-miR-7076-5p,1420,1,0,1,1,
mmu-miR-6904-3p,1420,1,0,1,1,
mmu-miR-6396,1420,1,0,1,1,
mmu-miR-669f-3p,1420,1,0,1,1,
mmu-miR-669b-3p,1420,1,0,1,1,
mmu-miR-873a-3p,1420,1,0,1,1,
mmu-miR-3082-5p,1420,2,0,1,1,
mmu-miR-6996-5p,1420,1,0,1,1,
mmu-miR-6377,1420,1,0,1,1,
mmu-miR-3104-3p,1420,1,0,1,1,
mmu-miR-7212-3p,1420,1,0,1,1,
mmu-miR-7117-3p,1420,1,0,1,1,
mmu-miR-6948-3p,1420,1,0,1,1,
mmu-miR-7049-5p,1420,2,0,1,1,
mmu-miR-741-5p,1420,1,0,1,1,
mmu-miR-1941-5p,1420,1,0,1,1,
mmu-miR-3096-3p,1420,2,0,1,1,
mmu-miR-7687-3p,1420,1,0,1,1,
mmu-miR-7232-3p,1420,2,0,1,1,
mmu-miR-7655-3p,1420,1,0,1,1,
mmu-miR-7028-3p,1420,1,0,1,1,
mmu-miR-468-3p,1420,1,0,1,1,
mmu-miR-290b-5p,1420,0,0,1,1,
mmu-miR-6919-3p,1420,1,0,1,1,
mmu-miR-599,1420,2,0,1,1,
mmu-miR-7232-5p,1420,1,0,1,1,
mmu-miR-669p-3p,1420,1,1,1,1,Senp2
mmu-miR-6935-3p,1420,1,0,1,1,
mmu-miR-7092-3p,1420,1,0,1,1,
mmu-miR-5619-3p,1420,2,0,1,1,
mmu-miR-7234-5p,1420,1,0,1,1,
mmu-miR-717,1420,1,1,1,1,Slamf1
mmu-miR-463-5p,1420,1,1,1,1,Slamf1
mmu-miR-3097-3p,1420,1,1,1,1,Slamf1
mmu-miR-5132-3p,1420,1,0,1,1,
mmu-miR-1948-3p,1420,1,0,1,1,
mmu-miR-7230-3p,1420,1,0,1,1,
mmu-miR-7649-3p,1420,1,0,1,1,
mmu-miR-3473c,1420,1,0,1,1,
mmu-miR-5621-5p,1420,1,0,1,1,
mmu-miR-6984-5p,1420,1,0,1,1,
mmu-miR-6936-5p,1420,1,0,1,1,
mmu-miR-7675-3p,1420,1,0,1,1,
mmu-miR-3060-3p,1420,1,1,1,1,Spata13
mmu-miR-690,1420,1,1,1,1,Spata13
mmu-miR-3099-5p,1420,1,1,1,1,Sqrdl
mmu-miR-6380,1420,1,1,1,1,Sqrdl
mmu-miR-6418-3p,1420,1,1,1,1,Sqrdl
mmu-miR-7655-5p,1420,1,0,1,1,
mmu-miR-1947-5p,1420,0,0,1,1,
mmu-miR-8110,1420,1,0,1,1,
mmu-miR-467h,1420,1,1,1,1,Ssbp2
mmu-miR-467e-5p,1420,1,1,1,1,Ssbp2
mmu-miR-7040-3p,1420,1,0,1,1,
mmu-miR-135a-2-3p,1420,2,1,1,1,Tex9
mmu-miR-7056-3p,1420,1,0,1,1,
mmu-miR-201-3p,1420,1,0,1,1,
mmu-miR-7237-3p,1420,1,0,1,1,
mmu-miR-292b-3p,1420,1,0,1,1,
mmu-miR-7083-3p,1420,1,0,1,1,
mmu-miR-744-3p,1420,1,0,1,1,
mmu-miR-1970,1420,3,0,1,1,
mmu-miR-1668,1420,1,1,1,1,Tgfbr1
mmu-miR-6390,1420,1,0,1,1,
mmu-miR-5046,1420,0,0,1,1,
mmu-miR-6904-5p,1420,1,0,1,1,
mmu-miR-6914-5p,1420,1,0,1,1,
mmu-miR-7057-3p,1420,2,0,1,1,
mmu-miR-688,1420,1,0,1,1,
mmu-miR-3078-5p,1420,1,0,1,1,
mmu-miR-770-3p,1420,1,0,1,1,
mmu-miR-7093-3p,1420,1,1,1,1,Trpv2
mmu-miR-3074-1-3p,1420,1,0,1,1,
mmu-miR-503-3p,1420,1,0,1,1,
mmu-miR-673-5p,1420,0,0,1,1,
mmu-miR-3081-5p,1420,0,0,1,1,
mmu-miR-6917-3p,1420,1,0,1,1,
mmu-miR-702-3p,1420,1,0,1,1,
mmu-miR-706,1420,1,0,1,1,
mmu-miR-219b-3p,1420,1,0,1,1,
mmu-miR-1b-5p,1420,1,1,1,1,Wdfy2
mmu-miR-6942-3p,1420,1,0,1,1,
mmu-miR-6969-3p,1420,1,0,1,1,
mmu-miR-6387,1420,23,15,3.7354537514347e-07,7.5330155678999,Nfatc3;Stk39;Mtss1;Zfp36l2;Pdia4;Ppp2r5a;Ddx3x;Eml4;Slc38a2;Tnrc6b;Mmd;Rufy2;Ccz1;Hspe1;Nfat5
